Rk,Name,Age,Tm,IP,G,GR,GF,Wgr,Lgr,SVOpp,SV,BSv,SV%,SVSit,Hold,IR,IS,IS%,1stIP,aLI,LevHi,LevMd,LevLo,Ahd,Tie,Bhd,Runr,Empt,>3o,<3o,IPmult,0DR,Out/GR,Pit/GR,Name-additional
1,Fernando Abad*,37,COL,6.1,6,6,2,1,0,0,0,0,,0,0,2,2,100%,8,.432,0,2,4,0,1,5,1,5,2,1,3,1,3.2,24,abadfe01
2,Cory Abbott,27,WSN,39.1,22,22,10,1,2,0,0,0,,0,0,13,7,54%,8,.409,3,4,15,0,4,18,6,16,13,2,13,1,5.4,32,abbotco01
3,Albert Abreu,27,NYY,59.0,45,45,19,2,2,0,0,0,,3,3,17,11,65%,7,.378,8,2,35,9,4,32,12,33,19,7,23,2,3.9,23,abreual01
4,Bryan Abreu,26,HOU,72.0,72,72,16,3,2,9,5,4,56%,33,24,17,6,35%,8,1.389,24,24,24,46,10,16,11,61,6,5,6,11,3.0,17,abreubr01
5,Domingo Acevedo,29,OAK,9.1,9,9,1,0,0,2,0,2,0%,4,2,7,5,71%,6,1.077,4,3,2,4,1,4,3,6,2,2,2,1,3.1,19,acevedo01
6,Garrett Acton,25,OAK,5.2,6,6,3,0,0,0,0,0,,0,0,4,2,50%,8,.898,1,3,2,0,1,5,3,3,2,3,2,1,2.8,21,actonga01
7,Jason Adam,31,TBR,54.1,56,56,22,4,2,18,12,6,67%,29,11,9,2,22%,8,1.437,24,17,15,41,9,6,5,51,2,7,2,8,2.9,16,adamja01
8,Austin Adams,32,ARI,17.1,24,24,1,0,1,1,0,1,0%,8,7,13,2,15%,8,.898,5,7,12,10,1,13,9,15,1,12,4,1,2.2,15,adamsau02
9,Ty Adcock,26,SEA,15.2,12,12,4,0,0,0,0,0,,0,0,7,0,0%,7,.415,2,3,7,4,1,7,4,8,6,2,6,2,3.9,17,adcocty01
10,Joan Adon,24,WSN,51.2,12,2,2,0,0,0,0,0,,0,0,0,0,,7,.966,0,0,2,0,0,2,0,2,2,0,2,0,7.5,44,adonjo01
11,Keegan Akin*,28,BAL,23.2,24,23,7,2,2,0,0,0,,3,3,11,5,45%,7,.756,4,5,14,7,2,14,11,12,7,10,8,3,3.0,19,akinke01
12,Hanser Alberto,30,CHW,1.2,2,2,2,0,0,0,0,0,,0,0,0,0,,9,.000,0,0,2,0,0,2,0,2,0,1,0,0,2.5,17,alberha01
13,Jorge Alcalá,27,MIN,17.1,11,11,3,0,1,1,0,1,0%,3,2,1,0,0%,6,.684,1,4,6,5,0,6,1,10,7,0,7,0,4.7,29,alcaljo01
14,Scott Alexander*,33,SFG,48.1,55,47,11,7,0,3,1,2,33%,11,6,30,6,20%,8,.967,15,12,20,20,8,19,20,27,7,16,12,10,2.7,12,alexasc02
15,Tyler Alexander*,28,DET,44.0,25,24,8,2,0,0,0,0,,2,2,14,3,21%,7,.405,0,6,18,4,1,19,9,15,18,3,20,0,5.1,26,alexaty01
16,Kolby Allard*,25,ATL,12.1,4,1,1,0,0,0,0,0,,0,0,0,0,,8,.917,0,0,1,0,0,1,0,1,0,0,0,0,3.0,18,allarko01
17,Yency Almonte,29,LAD,48.0,49,49,5,3,2,2,0,2,0%,12,10,22,4,18%,7,.831,12,18,19,26,7,16,12,37,6,8,11,13,2.9,16,almonye01
18,José Alvarado*,28,PHI,41.1,42,42,12,0,2,12,10,2,83%,23,11,0,0,,8,1.780,20,12,10,30,6,6,2,40,1,2,1,6,3.0,18,alvarjo03
19,Adbert Alzolay,28,CHC,64.0,58,58,38,2,5,25,22,3,88%,32,7,15,2,13%,9,1.710,25,17,16,38,6,14,10,48,11,8,13,15,3.3,17,alzolad01
20,Chase Anderson,35,TOT,86.1,19,2,2,0,0,1,1,0,100%,1,0,0,0,,,.964,0,0,2,1,0,1,0,2,2,0,2,0,7.5,36,anderch01
21,Chase Anderson,35,TBR,5.0,2,2,2,0,0,1,1,0,100%,1,0,0,0,,7,.231,0,0,2,1,0,1,0,2,2,0,2,0,7.5,36,anderch01
22,Grant Anderson,26,TEX,35.2,26,26,2,2,1,4,0,4,0%,9,5,27,12,44%,7,1.116,8,12,6,12,3,11,14,12,12,6,14,1,4.1,23,andergr01
23,Nick Anderson,32,ATL,35.1,35,35,3,4,0,3,1,2,33%,18,15,7,1,14%,8,1.341,20,6,9,27,8,0,5,30,2,2,3,5,3.0,16,anderni01
24,Tyler Anderson*,33,LAA,141.0,27,2,0,0,1,0,0,0,,0,0,3,0,0%,3,1.012,0,2,0,1,0,1,2,0,2,0,2,0,13.5,82,anderty01
25,Clayton Andrews*,26,MIL,3.1,4,4,1,0,1,0,0,0,,1,1,0,0,,11,1.263,1,1,2,3,1,0,1,3,1,2,1,0,2.5,22,andrecl02
26,Tejay Antone,29,CIN,5.2,5,4,0,0,0,0,0,0,,1,1,0,0,,8,.593,1,1,2,2,0,2,0,4,0,1,0,0,2.8,16,antonte01
27,Shawn Armstrong,32,TBR,52.0,39,33,5,1,0,2,0,2,0%,8,6,5,2,40%,7,.956,4,12,17,16,5,12,4,29,11,4,11,3,3.6,19,armstsh01
28,Javier Assad,25,CHC,109.1,32,22,9,2,2,1,0,1,0%,4,3,10,1,10%,7,.729,3,4,15,6,0,16,5,17,19,2,19,1,7.6,39,assadja01
29,Pedro Avila,26,SDP,50.1,14,8,2,1,0,0,0,0,,0,0,1,0,0%,6,.876,0,2,6,3,0,5,1,7,7,1,7,0,9.3,51,avilape01
30,Sam Bachman,23,LAA,17.0,11,11,4,1,2,2,1,1,50%,4,2,2,2,100%,8,1.168,2,3,6,5,1,5,2,9,7,0,7,0,4.6,29,bachmsa01
31,Bryan Baker,28,BAL,45.0,46,46,2,4,3,3,0,3,0%,14,11,35,19,54%,7,1.121,16,17,13,22,6,18,23,23,8,18,13,6,2.9,17,bakerbr01
32,Jordan Balazovic,24,MIN,24.1,18,18,5,1,0,0,0,0,,2,2,12,4,33%,7,.580,4,6,8,6,1,11,7,11,6,3,8,1,4.1,22,balazjo02
33,Anthony Banda*,29,WSN,7.0,10,10,5,0,0,0,0,0,,0,0,2,1,50%,9,.409,0,2,8,2,0,8,2,8,0,4,0,1,2.1,16,bandaan01
34,Tanner Banks*,31,CHW,61.0,32,29,9,1,2,2,1,1,50%,3,1,18,3,17%,5,.807,7,6,16,5,6,18,12,17,17,3,18,2,5.2,28,banksta01
35,Daniel Bard,38,COL,49.1,50,50,11,4,2,3,1,2,33%,9,6,14,4,29%,8,1.070,12,15,23,14,8,28,8,42,9,11,9,6,3.0,19,bardda01
36,Joe Barlow,27,TEX,9.2,13,13,4,1,1,0,0,0,,0,0,4,3,75%,9,.787,5,1,7,4,4,5,2,11,0,6,0,3,2.2,11,barlojo01
37,Scott Barlow,30,TOT,68.0,63,63,32,2,6,16,13,3,81%,23,7,9,1,11%,,1.618,28,7,28,32,12,19,8,55,11,5,12,13,3.2,19,barlosc01
38,Scott Barlow,30,KCR,38.2,38,38,31,2,4,16,13,3,81%,16,0,3,0,0%,9,1.946,19,3,16,19,6,13,3,35,3,3,3,8,3.1,19,barlosc01
39,Scott Barlow,30,SDP,29.1,25,25,1,0,2,0,0,0,,7,7,6,1,17%,7,1.149,9,4,12,13,6,6,5,20,8,2,9,5,3.5,20,barlosc01
40,Jacob Barnes,33,STL,13.2,13,13,5,0,1,0,0,0,,0,0,12,5,42%,6,.546,2,1,10,0,2,11,6,7,3,5,7,4,3.2,16,barneja01
41,Matt Barnes,33,MIA,21.1,24,23,3,1,0,1,0,1,0%,4,3,12,7,58%,6,.987,3,8,12,6,4,13,8,15,2,7,5,6,2.7,16,barnema01
42,Tucker Barnhart,32,CHC,4.0,4,4,4,0,0,0,0,0,,0,0,0,0,,9,.001,0,0,4,0,0,4,0,4,0,0,0,0,3.0,11,barnhtu01
43,Kyle Barraclough,33,BOS,7.2,3,3,2,1,1,0,0,0,,0,0,3,1,33%,5,.634,1,1,1,1,0,2,2,1,3,0,3,1,7.7,52,barraky01
44,Jaime Barria,26,LAA,82.1,34,28,17,1,4,2,0,2,0%,4,2,18,5,28%,8,.733,5,4,19,5,2,21,12,16,18,1,19,4,5.9,31,barrija01
45,Anthony Bass,35,TOR,20.0,22,22,7,0,0,0,0,0,,1,1,8,0,0%,7,.439,2,3,17,5,0,17,6,16,1,6,3,3,2.7,15,bassan01
46,Peyton Battenfield,25,CLE,34.2,7,1,1,0,0,0,0,0,,0,0,0,0,,7,.739,0,0,1,0,0,1,0,1,1,0,1,0,6.0,45,battepe01
47,Mike Baumann,27,BAL,64.2,60,60,15,10,1,4,0,4,0%,10,6,49,19,39%,7,.939,18,16,26,24,11,25,30,30,16,18,20,13,3.2,18,baumami01
48,Félix Bautista,28,BAL,61.0,56,56,46,8,2,39,33,6,85%,40,1,9,0,0%,9,2.147,34,17,5,45,11,0,7,49,9,3,9,11,3.3,18,bautife01
49,Eduard Bazardo,27,TOT,16.0,12,12,4,0,0,0,0,0,,0,0,1,0,0%,,.176,0,0,12,8,0,4,1,11,5,1,5,1,4.0,23,bazared01
50,Eduard Bazardo,27,BAL,2.1,3,3,2,0,0,0,0,0,,0,0,0,0,,9,.135,0,0,3,3,0,0,0,3,0,1,0,0,2.3,21,bazared01
51,Eduard Bazardo,27,SEA,13.2,9,9,2,0,0,0,0,0,,0,0,1,0,0%,6,.186,0,0,9,5,0,4,1,8,5,0,5,1,4.6,23,bazared01
52,Matt Beaty,30,SFG,1.0,1,1,1,0,0,0,0,0,,0,0,0,0,,9,.000,0,0,1,1,0,0,0,1,0,0,0,0,3.0,22,beatyma01
53,Tristan Beck,27,SFG,85.0,33,30,13,3,2,3,2,1,67%,7,4,17,4,24%,7,.708,5,9,16,9,4,17,13,17,24,2,24,1,7.3,37,becktr01
54,David Bednar,28,PIT,67.1,66,66,57,3,3,42,39,3,93%,42,0,12,8,67%,9,2.296,45,9,12,49,11,6,9,57,6,4,6,16,3.1,17,bednada01
55,Jalen Beeks*,29,TBR,42.1,30,22,7,2,2,2,1,1,50%,4,2,11,1,9%,7,1.094,5,6,11,11,2,9,6,16,8,5,8,3,3.5,22,beeksja02
56,Andrew Bellatti,31,PHI,24.2,27,27,4,1,0,0,0,0,,2,2,14,9,64%,6,.526,4,9,14,7,2,18,10,17,3,8,3,3,2.7,17,bellaan01
57,Brennan Bernardino*,31,BOS,50.2,55,49,8,2,1,0,0,0,,4,4,30,4,13%,7,.885,8,20,21,17,7,25,18,31,9,21,11,8,2.6,15,bernabr01
58,Prelander Berroa,23,SEA,1.2,2,2,0,0,0,0,0,0,,1,1,1,1,100%,7,1.073,2,0,0,1,0,1,1,1,0,1,1,0,2.5,21,berropr01
59,Christian Bethancourt,31,TBR,0.1,1,1,1,0,0,0,0,0,,0,0,0,0,,9,.000,0,0,1,0,0,1,0,1,0,1,0,0,1.0,10,bethach01
60,Phil Bickford,27,TOT,67.1,61,61,18,5,5,2,1,1,50%,6,4,29,9,31%,,1.030,13,15,33,25,13,23,17,44,17,12,19,12,3.3,20,bickfph01
61,Phil Bickford,27,LAD,42.0,36,36,12,2,3,1,0,1,0%,4,3,19,6,32%,7,1.022,7,8,21,16,6,14,11,25,12,8,14,8,3.5,22,bickfph01
62,Phil Bickford,27,NYM,25.1,25,25,6,3,2,1,1,0,100%,2,1,10,3,30%,8,1.043,6,7,12,9,7,9,6,19,5,4,5,4,3.0,18,bickfph01
63,Osvaldo Bido,27,PIT,50.2,16,7,2,2,3,0,0,0,,0,0,1,0,0%,3,1.056,1,5,1,1,5,1,2,5,6,0,6,1,6.9,43,bidoos01
64,Brandon Bielak,27,HOU,80.0,15,2,0,0,0,0,0,0,,0,0,4,3,75%,3,.801,0,1,1,0,1,1,2,0,2,0,2,0,14.0,97,bielabr01
65,Jake Bird,27,COL,89.1,70,67,8,3,3,11,0,11,0%,24,13,42,24,57%,6,.933,21,17,29,38,4,25,23,44,26,11,27,10,3.8,20,birdja01
66,Ty Blach*,32,COL,78.0,20,7,2,0,0,0,0,0,,0,0,7,2,29%,3,.937,0,1,6,0,1,6,4,3,5,1,5,0,5.7,33,blachty01
67,Paul Blackburn,29,OAK,103.2,21,1,0,0,0,1,0,1,0%,1,0,0,0,,6,1.024,0,1,0,1,0,0,0,1,0,0,0,0,3.0,39,blackpa01
68,Ronel Blanco,29,HOU,52.0,17,10,8,0,0,0,0,0,,0,0,0,0,,9,.820,0,2,8,2,2,6,0,10,4,0,4,0,4.2,26,blancro01
69,Richard Bleier*,36,BOS,30.2,27,27,3,1,0,1,0,1,0%,3,2,14,8,57%,7,.788,6,7,14,7,5,15,9,18,8,4,9,5,3.4,17,bleieri01
70,Cody Bolton,25,PIT,21.1,16,16,5,1,0,0,0,0,,1,1,3,1,33%,7,.339,1,1,14,4,0,12,3,13,7,2,9,2,4.0,28,boltoco01
71,Ryan Borucki*,29,PIT,40.1,38,36,1,4,0,0,0,0,,10,9,34,13,38%,7,.910,13,10,13,15,5,16,20,16,13,12,22,10,3.1,14,borucry01
72,Caleb Boushley,29,MIL,2.1,1,1,1,1,0,1,0,1,0%,1,0,0,0,,8,3.859,0,1,0,1,0,0,0,1,1,0,1,0,7.0,38,boushca01
73,Jonathan Bowlan,26,KCR,3.0,2,1,1,0,0,0,0,0,,0,0,0,0,,9,.459,0,0,1,1,0,0,0,1,0,0,0,0,3.0,27,bowlajo01
74,Matt Bowman,32,NYY,4.0,3,3,1,0,0,0,0,0,,1,1,3,3,100%,8,1.195,1,0,2,1,0,2,1,2,1,0,1,0,4.0,28,bowmama01
75,Brad Boxberger,35,CHC,20.0,22,22,6,0,1,2,2,0,100%,3,1,3,0,0%,8,.996,4,5,13,9,2,11,1,21,1,4,1,4,2.7,15,boxbebr01
76,Silvino Bracho,30,CIN,7.1,5,5,2,0,0,0,0,0,,0,0,2,2,100%,8,.436,0,1,4,0,0,5,1,4,3,1,3,0,4.4,25,brachsi01
77,Cody Bradford*,25,TEX,56.0,20,12,5,3,0,0,0,0,,0,0,9,2,22%,9,.860,3,2,7,4,2,6,6,6,7,1,7,1,5.6,29,bradfco01
78,Archie Bradley,30,MIA,7.1,4,4,2,0,0,0,0,0,,0,0,1,0,0%,8,.090,0,0,4,2,0,2,1,3,3,0,4,0,5.5,37,bradlar01
79,Taj Bradley,22,TBR,104.2,23,2,0,0,0,0,0,0,,0,0,0,0,,8,.887,0,0,2,1,0,1,0,2,0,0,0,0,3.0,19,bradlta01
80,Matt Brash,25,SEA,70.2,78,78,7,9,4,9,4,5,44%,35,24,49,15,31%,7,1.575,40,22,16,43,14,21,33,45,11,24,16,21,2.7,17,brashma01
81,Ryan Brasier,35,TOT,59.2,59,59,15,3,0,3,2,1,67%,14,11,18,2,11%,,.818,11,18,30,31,5,23,12,47,5,7,5,15,3.0,15,brasiry01
82,Ryan Brasier,35,BOS,21.0,20,20,10,1,0,1,1,0,100%,2,1,6,2,33%,9,.376,1,5,14,8,0,12,3,17,2,2,2,6,3.2,19,brasiry01
83,Ryan Brasier,35,LAD,38.2,39,39,5,2,0,2,1,1,50%,12,10,12,0,0%,7,1.112,10,13,16,23,5,11,9,30,3,5,3,9,3.0,14,brasiry01
84,Huascar Brazobán,33,MIA,58.2,50,50,7,5,2,3,0,3,0%,16,13,32,12,38%,7,1.196,19,14,17,20,9,21,20,30,19,15,21,9,3.5,20,brazohu01
85,John Brebbia,33,SFG,38.1,40,30,6,3,3,1,0,1,0%,8,7,13,8,62%,7,.994,8,12,10,13,7,10,10,20,3,10,5,8,2.7,16,brebbjo01
86,Colten Brewer,30,NYY,8.1,3,3,1,0,0,0,0,0,,0,0,2,0,0%,8,.445,1,0,2,1,1,1,1,2,3,0,3,0,8.3,35,breweco01
87,Beau Brieske,25,DET,35.0,25,24,6,2,3,2,2,0,100%,7,5,15,2,13%,7,1.057,8,10,6,11,4,9,8,16,12,2,14,2,4.1,25,briesbe01
88,Jeff Brigham,31,NYM,37.2,37,37,10,1,3,2,0,2,0%,8,6,17,7,41%,8,1.047,9,8,20,14,3,20,10,27,8,9,10,8,3.1,18,brighje01
89,Braden Bristo,28,TOT,7.0,3,3,3,0,0,1,1,0,100%,1,0,0,0,,,.220,0,0,3,1,0,2,0,3,3,0,3,0,7.0,38,bristbr01
90,Braden Bristo,28,TBR,3.0,1,1,1,0,0,1,1,0,100%,1,0,0,0,,7,.229,0,0,1,1,0,0,0,1,1,0,1,0,9.0,42,bristbr01
91,Braden Bristo,28,DET,4.0,2,2,2,0,0,0,0,0,,0,0,0,0,,8,.215,0,0,2,0,0,2,0,2,2,0,2,0,6.0,36,bristbr01
92,Jhony Brito,25,NYY,90.1,25,12,1,6,1,1,1,0,100%,2,1,4,0,0%,5,.903,2,5,5,6,2,4,3,9,12,0,12,0,9.4,44,britojh01
93,Connor Brogdon,28,PHI,29.0,27,26,3,2,1,0,0,0,,3,3,15,7,47%,7,.916,6,12,8,11,1,14,8,18,6,5,8,3,3.3,20,brogdco01
94,Mike Brosseau,29,MIL,2.1,3,3,3,0,0,0,0,0,,0,0,3,3,100%,9,.000,0,0,3,0,0,3,1,2,0,1,0,0,2.3,10,brossmi01
95,Hunter Brown,24,HOU,155.2,31,2,1,1,0,0,0,0,,0,0,0,0,,9,.935,0,1,1,1,1,0,0,2,1,0,1,0,4.5,22,brownhu01
96,Justin Bruihl*,26,TOT,28.0,27,27,13,1,0,0,0,0,,1,1,16,4,25%,,.583,4,9,14,10,3,14,9,18,5,6,7,6,3.1,16,bruihju01
97,Justin Bruihl*,26,LAD,24.1,20,20,9,1,0,0,0,0,,1,1,9,2,22%,9,.546,3,7,10,9,2,9,5,15,5,1,7,6,3.7,18,bruihju01
98,Justin Bruihl*,26,COL,3.2,7,7,4,0,0,0,0,0,,0,0,7,2,29%,8,.784,1,2,4,1,1,5,4,3,0,5,0,0,1.6,11,bruihju01
99,JB Bukauskas,26,TOT,7.0,6,6,2,0,0,1,0,1,0%,1,0,0,0,,,1.195,1,0,5,3,0,3,1,5,1,0,1,2,3.5,17,bukaujb01
100,JB Bukauskas,26,SEA,1.0,1,1,0,0,0,1,0,1,0%,1,0,0,0,,11,4.518,1,0,0,1,0,0,1,0,0,0,0,0,3.0,28,bukaujb01
101,JB Bukauskas,26,MIL,6.0,5,5,2,0,0,0,0,0,,0,0,0,0,,7,.184,0,0,5,2,0,3,0,5,1,0,1,2,3.6,15,bukaujb01
102,Aaron Bummer*,29,CHW,58.1,61,61,8,5,5,3,0,3,0%,18,15,42,15,36%,7,1.385,25,16,20,26,13,22,26,35,17,25,21,11,2.9,18,bummeaa01
103,Nick Burdi,30,CHC,3.0,3,3,2,0,0,0,0,0,,0,0,0,0,,9,.038,0,0,3,1,0,2,0,3,0,0,0,1,3.0,19,burdini01
104,Zack Burdi,28,TBR,4.0,3,3,1,0,0,0,0,0,,0,0,0,0,,9,.288,0,0,3,1,0,2,0,3,1,0,1,1,4.0,25,burdiza01
105,Brock Burke*,26,TEX,59.2,53,53,9,5,3,2,0,2,0%,14,12,37,9,24%,6,1.018,16,16,21,26,8,19,24,29,18,13,25,2,3.4,17,burkebr01
106,Alec Burleson*,24,STL,1.2,2,2,2,0,0,0,0,0,,0,0,1,1,100%,9,.000,0,0,2,0,0,2,1,1,0,1,0,0,2.5,23,burleal01
107,Alan Busenitz,32,CIN,7.0,6,6,5,0,0,0,0,0,,0,0,3,2,67%,9,.590,1,1,4,1,1,4,2,4,2,2,2,0,3.5,18,busenal01
108,Matt Bush,37,MIL,10.1,12,12,4,0,2,4,1,3,25%,5,1,3,0,0%,8,1.543,7,0,5,9,2,1,1,11,0,4,0,3,2.6,16,bushma01
109,José Buttó,25,NYM,42.0,9,2,0,0,1,0,0,0,,0,0,1,0,0%,6,1.097,0,1,1,0,1,1,1,1,2,0,2,0,7.5,53,buttojo01
110,Edward Cabrera,25,MIA,99.2,22,2,0,1,1,0,0,0,,0,0,0,0,,5,1.074,0,2,0,1,0,1,0,2,2,0,2,0,13.0,79,cabreed02
111,Génesis Cabrera*,26,TOT,55.2,61,61,12,2,1,3,0,3,0%,14,11,38,10,26%,,.902,16,11,34,22,8,31,23,38,12,26,19,10,2.7,16,cabrege01
112,Génesis Cabrera*,26,STL,32.0,32,32,10,1,1,2,0,2,0%,7,5,23,6,26%,8,.804,7,4,21,13,2,17,13,19,10,13,15,3,3.0,18,cabrege01
113,Génesis Cabrera*,26,TOR,23.2,29,29,2,1,0,1,0,1,0%,7,6,15,4,27%,6,1.047,9,7,13,9,6,14,10,19,2,13,4,7,2.4,13,cabrege01
114,Kelvin Cáceres,23,LAA,1.1,2,2,2,0,0,0,0,0,,0,0,1,0,0%,9,.146,0,0,2,0,0,2,1,1,0,1,0,0,2.0,18,cacerke01
115,Blair Calvo,27,COL,1.0,1,1,1,0,0,0,0,0,,0,0,0,0,,8,.017,0,0,1,0,0,1,0,1,0,0,0,0,3.0,11,calvobl01
116,Isaiah Campbell,25,SEA,28.2,27,27,9,4,1,1,1,0,100%,3,2,14,4,29%,7,.705,3,8,16,11,2,14,8,19,7,4,7,4,3.2,18,campbis01
117,Griffin Canning,27,LAA,127.0,24,2,0,1,0,0,0,0,,0,0,5,1,20%,4,.875,1,1,0,1,0,1,2,0,2,0,2,0,10.5,61,cannigr01
118,Yennier Cano,29,BAL,72.2,72,72,20,1,4,14,8,6,57%,45,31,35,8,23%,8,1.876,43,15,14,56,11,5,21,51,15,17,19,19,3.0,14,canoye01
119,Matt Carasiti,31,COL,24.1,16,16,2,1,0,2,1,1,50%,5,3,15,10,67%,5,.789,5,2,9,6,0,10,10,6,10,3,11,3,4.6,26,carasma01
120,Drew Carlton,27,SDP,20.2,11,11,1,2,1,2,0,2,0%,2,0,5,2,40%,3,.711,2,2,7,4,1,6,5,6,7,2,7,0,5.6,30,carltdr01
121,Daniel Castano*,28,MIA,3.0,2,2,1,0,0,0,0,0,,0,0,0,0,,8,.037,0,0,2,0,0,2,0,2,1,0,1,0,4.5,35,castada01
122,Diego Castillo,29,SEA,8.2,8,8,1,0,0,0,0,0,,1,1,0,0,,7,.697,1,4,3,2,0,6,0,8,1,1,1,0,3.3,20,castidi01
123,José Castillo*,27,SDP,0.1,1,1,0,0,0,0,0,0,,0,0,0,0,,9,.167,0,0,1,1,0,0,0,1,0,1,0,0,1.0,23,castijo03
124,Max Castillo,24,KCR,20.1,7,7,2,0,1,0,0,0,,0,0,2,0,0%,7,.743,0,5,2,2,1,4,1,6,7,0,7,0,8.7,49,castima03
125,Harold Castro,29,COL,2.0,2,2,2,0,0,0,0,0,,0,0,0,0,,9,.001,0,0,2,0,0,2,0,2,0,0,0,0,3.0,15,castrha01
126,Miguel Castro,28,ARI,64.2,75,75,21,6,6,11,7,4,64%,25,13,25,7,28%,8,1.384,30,22,23,36,13,26,18,57,4,24,6,21,2.6,13,castrmi01
127,Willi Castro,26,MIN,2.1,3,3,3,0,0,0,0,0,,0,0,1,0,0%,9,.000,0,0,3,1,0,2,1,2,0,1,0,0,2.3,12,castrwi01
128,Slade Cecconi,24,ARI,27.0,7,3,0,0,0,0,0,0,,0,0,1,0,0%,5,.908,0,1,2,0,1,2,1,2,3,0,3,0,9.3,43,ceccosl01
129,Luis Cessa,31,CIN,26.0,7,1,0,0,0,0,0,0,,0,0,0,0,,8,.851,0,0,1,0,0,1,0,1,0,0,0,0,3.0,17,cessalu01
130,Andrew Chafin*,33,TOT,51.1,63,63,19,3,4,13,8,5,62%,27,14,23,8,35%,,1.533,25,16,22,43,7,13,18,45,2,25,7,16,2.4,15,chafian01
131,Andrew Chafin*,33,ARI,34.1,43,43,14,2,3,12,8,4,67%,24,12,17,8,47%,9,1.803,20,12,11,31,5,7,13,30,1,19,4,12,2.4,14,chafian01
132,Andrew Chafin*,33,MIL,17.0,20,20,5,1,1,1,0,1,0%,3,2,6,0,0%,8,.986,5,4,11,12,2,6,5,15,1,6,3,4,2.6,15,chafian01
133,Aroldis Chapman*,35,TOT,58.1,61,61,18,6,5,11,6,5,55%,26,14,3,0,0%,,1.902,38,9,14,33,19,9,4,57,2,7,3,13,2.9,17,chapmar01
134,Aroldis Chapman*,35,KCR,29.1,31,31,9,4,2,4,2,2,50%,12,8,0,0,,8,1.884,20,5,6,12,12,7,1,30,0,3,0,5,2.8,17,chapmar01
135,Aroldis Chapman*,35,TEX,29.0,30,30,9,2,3,7,4,3,57%,14,6,3,0,0%,9,1.919,18,4,8,21,7,2,3,27,2,4,3,8,2.9,16,chapmar01
136,JT Chargois,32,MIA,42.1,46,41,8,1,0,4,1,3,25%,8,4,20,5,25%,7,.986,11,11,19,18,6,17,13,28,4,11,5,8,2.8,15,chargjt01
137,Jesse Chavez,39,ATL,34.2,36,35,7,1,0,3,1,2,33%,18,14,15,6,40%,6,1.436,12,14,9,21,4,10,13,22,4,10,4,5,2.8,15,chaveje01
138,Yonny Chirinos,29,TOT,85.0,20,11,1,3,2,0,0,0,,1,1,5,0,0%,,.825,0,6,5,5,2,4,3,8,10,0,10,0,11.4,56,chiriyo01
139,Yonny Chirinos,29,TBR,62.2,15,11,1,3,2,0,0,0,,1,1,5,0,0%,3,.714,0,6,5,5,2,4,3,8,10,0,10,0,11.4,56,chiriyo01
140,Adam Cimber,32,TOR,20.2,22,22,6,0,2,2,1,1,50%,3,1,11,5,45%,7,.779,4,6,12,8,3,11,7,15,4,6,4,5,2.8,17,cimbead01
141,José Cisnero,34,DET,59.1,63,63,18,3,4,4,2,2,50%,19,14,32,14,44%,6,1.126,18,18,27,26,9,28,25,38,12,20,15,12,2.8,16,cisnejo01
142,Taylor Clarke,30,KCR,59.0,58,56,11,3,6,6,3,3,50%,18,12,18,5,28%,8,1.161,19,15,22,25,11,20,12,44,6,9,7,7,3.0,18,clarkta01
143,Emmanuel Clase,25,CLE,72.2,75,75,65,3,9,56,44,12,79%,56,0,2,0,0%,9,2.259,43,20,12,65,7,3,10,65,2,6,2,20,2.9,15,claseem01
144,Alex Claudio*,31,MIL,0.1,1,1,0,0,0,0,0,0,,0,0,0,0,,8,.527,0,0,1,0,0,1,0,1,0,1,0,0,1.0,4,claudal01
145,Garrett Cleavinger*,29,TBR,12.0,15,15,3,1,0,2,0,2,0%,2,0,8,5,63%,8,1.353,5,3,7,10,4,1,6,9,0,6,0,3,2.4,14,cleavga01
146,Kody Clemens,27,PHI,2.2,4,4,4,0,0,0,0,0,,0,0,4,2,50%,9,.000,0,0,4,0,0,4,2,2,0,3,0,1,2.0,10,clemeko01
147,Ernie Clement,27,TOR,1.0,1,1,1,0,0,0,0,0,,0,0,0,0,,8,.000,0,0,1,0,0,1,0,1,0,0,0,0,3.0,20,clemeer01
148,Dylan Coleman,26,KCR,18.1,23,22,8,0,2,1,0,1,0%,6,5,8,2,25%,8,1.155,6,4,12,8,2,12,7,15,1,10,1,5,2.4,16,colemdy01
149,Alex Colomé,34,CHW,3.0,4,4,2,0,1,1,0,1,0%,1,0,0,0,,8,1.174,2,0,2,2,1,1,1,3,0,2,0,1,2.3,16,colomal01
150,Roansy Contreras,23,PIT,68.1,19,8,1,0,2,1,1,0,100%,1,0,4,2,50%,6,.869,0,2,6,3,0,5,2,6,6,0,6,0,5.3,29,contrro01
151,Sam Coonrod,30,NYM,6.2,10,10,2,0,0,0,0,0,,1,1,5,1,20%,8,1.047,1,1,8,6,0,4,3,7,0,6,0,2,2.0,15,coonrsa01
152,Jimmy Cordero,31,NYY,32.2,31,30,6,3,2,1,0,1,0%,9,8,18,5,28%,7,1.091,14,7,9,11,7,12,13,17,7,10,10,4,3.1,16,cordeji01
153,Tom Cosgrove*,27,SDP,51.1,54,54,16,1,2,1,1,0,100%,8,7,23,9,39%,8,.781,14,9,31,25,5,24,17,37,10,17,11,7,2.9,16,cosgrto01
154,Danny Coulombe*,33,BAL,51.1,61,61,9,5,3,5,2,3,40%,27,22,49,11,22%,8,1.491,33,18,10,36,17,8,33,28,8,29,17,9,2.5,14,couloda01
155,Jake Cousins,28,MIL,9.1,9,9,4,0,0,0,0,0,,0,0,2,0,0%,8,.365,0,1,8,2,0,7,1,8,3,2,3,0,3.1,22,cousija01
156,Dylan Covey,31,TOT,43.0,29,28,19,1,2,2,0,2,0%,3,1,3,0,0%,,.633,2,4,22,9,2,17,2,26,11,1,12,2,4.5,25,coveydy01
157,Dylan Covey,31,LAD,4.0,1,1,0,0,0,0,0,0,,0,0,0,0,,2,1.115,0,1,0,0,1,0,0,1,1,0,1,0,12.0,63,coveydy01
158,Dylan Covey,31,PHI,39.0,28,27,19,1,2,2,0,2,0%,3,1,3,0,0%,9,.583,2,3,22,9,1,17,2,25,10,1,11,2,4.3,24,coveydy01
159,Austin Cox*,26,KCR,35.2,24,21,3,0,0,1,1,0,100%,6,5,5,0,0%,7,1.039,8,5,8,6,2,13,4,17,7,6,7,1,3.6,19,coxau01
160,Brandon Crawford,36,SFG,1.0,1,1,1,0,0,0,0,0,,0,0,0,0,,9,.002,0,0,1,1,0,0,0,1,0,0,0,0,3.0,20,crawfbr01
161,Kutter Crawford,27,BOS,129.1,31,8,5,0,1,0,0,0,,2,2,2,0,0%,6,.933,2,3,3,3,1,4,1,7,7,1,7,0,8.1,40,crawfku01
162,Nabil Crismatt,28,TOT,13.0,8,8,4,0,2,0,0,0,,0,0,4,3,75%,,.866,2,0,6,3,1,4,3,5,5,1,5,0,4.9,33,crismna01
163,Nabil Crismatt,28,SDP,11.0,7,7,3,0,1,0,0,0,,0,0,3,3,100%,9,.649,2,0,5,3,1,3,2,5,4,1,4,0,4.7,33,crismna01
164,Nabil Crismatt,28,ARI,2.0,1,1,1,0,1,0,0,0,,0,0,1,0,0%,10,2.413,0,0,1,0,0,1,1,0,1,0,1,0,6.0,34,crismna01
165,Cooper Criswell,26,TBR,33.0,10,10,4,1,1,0,0,0,,0,0,5,2,40%,3,.778,1,6,3,5,0,5,3,7,10,0,10,0,9.9,55,criswco01
166,Garrett Crochet*,24,CHW,12.2,13,13,5,0,2,1,0,1,0%,1,0,5,4,80%,8,.845,3,1,9,2,2,9,4,9,3,5,3,0,2.9,22,crochga01
167,Declan Cronin,25,CHW,11.0,9,9,2,0,1,0,0,0,,1,1,3,0,0%,6,.495,1,2,6,1,1,7,2,7,3,1,4,0,3.7,21,cronide01
168,Wil Crowe,28,PIT,9.2,5,5,2,0,1,2,1,1,50%,2,0,1,0,0%,7,.891,1,0,4,3,0,2,2,3,4,1,4,1,5.8,36,crowewi01
169,Fernando Cruz,33,CIN,66.0,58,56,15,1,1,0,0,0,,9,7,33,10,30%,7,.888,16,16,24,24,5,27,20,36,17,8,19,11,3.4,19,cruzfe01
170,Steven Cruz,24,KCR,12.2,10,6,3,0,0,0,0,0,,0,0,1,0,0%,9,.637,0,0,6,2,0,4,1,5,2,1,2,1,3.5,23,cruzst01
171,José Cuas,29,TOT,65.1,72,70,12,3,2,4,1,3,25%,14,10,56,24,43%,,1.064,23,17,30,22,10,38,29,41,10,22,11,15,2.7,16,cuasjo01
172,José Cuas,29,KCR,41.2,45,44,5,3,0,2,0,2,0%,6,4,36,20,56%,6,.989,10,11,23,11,4,29,18,26,6,12,6,7,2.8,16,cuasjo01
173,José Cuas,29,CHC,23.2,27,26,7,0,2,2,1,1,50%,8,6,20,4,20%,8,1.207,13,6,7,11,6,9,11,15,4,10,5,8,2.7,16,cuasjo01
174,Johnny Cueto,37,MIA,52.1,13,3,1,0,0,0,0,0,,0,0,0,0,,8,.778,0,0,3,0,0,3,0,3,2,0,2,0,6.0,27,cuetojo01
175,Xzavion Curry,24,CLE,95.0,41,32,19,3,1,0,0,0,,0,0,11,4,36%,7,.661,3,4,25,4,2,26,8,24,19,1,19,3,5.7,30,curryxz01
176,John Curtiss,30,NYM,19.2,15,15,4,0,0,1,0,1,0%,3,2,5,1,20%,7,.831,2,6,7,6,2,7,3,12,5,1,5,1,3.9,20,curtijo02
177,Tyler Cyr,30,LAD,1.2,2,2,2,0,0,0,0,0,,0,0,0,0,,9,.112,0,0,2,1,0,1,0,2,0,1,0,1,2.5,13,cyrty01
178,Davis Daniel,26,LAA,12.1,3,3,1,1,1,0,0,0,,0,0,3,0,0%,5,1.105,1,2,0,1,1,1,1,2,3,0,3,0,12.3,73,danieda01
179,Hagen Danner,24,TOR,0.1,1,1,0,0,0,0,0,0,,0,0,0,0,,9,.060,0,0,1,0,0,1,0,1,0,1,0,0,1.0,2,danneha01
180,Tucker Davidson*,27,TOT,51.1,38,37,14,1,2,2,2,0,100%,4,2,23,5,22%,,.634,5,8,24,12,3,22,12,25,17,8,17,4,4.1,23,davidtu01
181,Tucker Davidson*,27,LAA,31.2,18,18,8,1,1,2,2,0,100%,2,0,8,2,25%,8,.468,1,4,13,5,2,11,4,14,11,3,11,0,5.3,31,davidtu01
182,Tucker Davidson*,27,KCR,19.2,20,19,6,0,1,0,0,0,,2,2,15,3,20%,8,.914,4,4,11,7,1,11,8,11,6,5,6,4,2.9,15,davidtu01
183,Noah Davis,26,COL,30.0,8,2,1,0,0,0,0,0,,0,0,0,0,,8,.857,0,0,2,0,0,2,0,2,2,0,2,0,7.5,50,davisno01
184,Enmanuel De Jesus*,26,MIA,6.1,2,2,2,0,0,0,0,0,,0,0,1,0,0%,7,.371,0,0,2,0,0,2,1,1,2,0,2,0,9.5,68,dejesen01
185,Chase De Jong,29,PIT,11.1,6,6,2,0,0,0,0,0,,0,0,4,0,0%,8,.295,0,2,4,0,0,6,2,4,5,0,5,0,5.7,38,dejonch01
186,José De León,30,MIN,17.1,12,12,4,0,1,0,0,0,,0,0,2,0,0%,7,.485,0,5,7,3,1,8,3,9,7,1,7,0,3.8,24,deleojo03
187,Enyel De Los Santos,27,CLE,65.2,70,70,8,5,2,3,0,3,0%,20,16,36,9,25%,7,1.107,27,15,28,30,11,29,21,49,8,15,9,8,2.8,15,delosen01
188,Yerry De Los Santos,25,PIT,24.1,22,22,8,1,1,0,0,0,,3,3,16,3,19%,8,.728,4,9,9,6,1,15,10,12,7,5,9,4,3.3,18,delosye01
189,Anthony DeSclafani,33,SFG,99.2,19,1,0,0,0,0,0,0,,0,0,2,2,100%,1,.898,1,0,0,0,1,0,1,0,1,0,1,0,13.0,78,desclan01
190,Chris Devenski,32,TOT,42.1,38,38,9,6,4,5,0,5,0%,15,10,35,10,29%,,1.469,20,9,9,19,7,12,19,19,11,7,12,4,3.3,18,devench02
191,Chris Devenski,32,LAA,33.2,29,29,4,3,2,3,0,3,0%,13,10,27,8,30%,7,1.339,15,7,7,15,5,9,13,16,9,3,10,3,3.5,19,devench02
192,Chris Devenski,32,TBR,8.2,9,9,5,3,2,2,0,2,0%,2,0,8,2,25%,8,2.023,5,2,2,4,2,3,6,3,2,4,2,1,2.9,15,devench02
193,Alexis Díaz,26,CIN,67.1,71,71,51,9,6,40,37,3,93%,42,2,27,11,41%,9,2.388,51,12,8,47,19,5,18,53,7,12,8,16,2.8,16,diazal03
194,Jhonathan Díaz*,26,LAA,7.0,4,3,2,0,0,0,0,0,,0,0,0,0,,8,.370,0,1,2,0,0,3,0,3,2,1,2,0,5.3,43,diazjh01
195,Miguel Díaz,28,DET,14.0,12,9,0,1,0,0,0,0,,2,2,1,0,0%,8,.741,2,2,5,6,1,2,1,8,3,1,3,1,3.7,16,diazmi02
196,Jake Diekman*,36,TOT,56.2,63,63,22,0,2,2,0,2,0%,10,8,25,5,20%,,.736,8,22,33,22,8,33,18,45,9,21,11,11,2.7,16,diekmja01
197,Jake Diekman*,36,CHW,11.1,13,13,5,0,1,1,0,1,0%,3,2,8,3,38%,7,.533,1,4,8,3,1,9,4,9,2,6,3,1,2.6,18,diekmja01
198,Jake Diekman*,36,TBR,45.1,50,50,17,0,1,1,0,1,0%,7,6,17,2,12%,8,.800,7,18,25,19,7,24,14,36,7,15,8,10,2.7,15,diekmja01
199,Brandon Dixon,31,SDP,1.0,1,1,1,0,0,0,0,0,,0,0,0,0,,9,.000,0,0,1,0,0,1,0,1,0,0,0,0,3.0,7,dixonbr01
200,Seranthony Domínguez,28,PHI,50.0,57,57,7,5,5,9,2,7,22%,23,14,13,5,38%,7,1.520,25,17,15,28,12,17,11,46,2,17,2,10,2.6,15,dominse01
201,Josh Donaldson,37,NYY,1.0,1,1,1,0,0,0,0,0,,0,0,0,0,,8,.000,0,0,1,0,0,1,0,1,0,0,0,0,3.0,11,donaljo02
202,Camilo Doval,25,SFG,67.2,69,69,60,6,6,47,39,8,83%,47,0,29,7,24%,9,2.282,48,11,10,53,12,4,20,49,10,11,10,19,2.9,16,dovalca01
203,Tommy Doyle,27,COL,23.2,15,15,1,0,1,2,0,2,0%,2,0,15,9,60%,7,.614,4,5,6,3,3,9,8,7,11,0,11,0,4.7,23,doyleto01
204,Daniel Duarte,26,CIN,31.2,31,31,8,3,0,1,1,0,100%,4,2,7,0,0%,6,.936,7,9,15,11,4,16,8,23,8,9,11,6,3.1,18,duartda01
205,Shawn Dubin,27,HOU,9.0,3,2,1,0,0,0,0,0,,0,0,0,0,,7,.477,0,0,2,0,0,2,0,2,2,0,2,0,7.5,52,dubinsh01
206,Tyler Duffey,32,CHC,2.0,1,1,0,0,0,0,0,0,,0,0,0,0,,5,.251,0,0,1,0,0,1,0,1,1,0,1,0,6.0,31,duffety01
207,Matt Duffy,32,KCR,2.0,2,2,2,0,0,0,0,0,,0,0,0,0,,9,.000,0,0,2,0,0,2,0,2,0,0,0,0,3.0,15,duffyma01
208,Dane Dunning,28,TEX,172.2,35,9,2,2,0,0,0,0,,2,2,5,2,40%,8,.877,2,2,5,6,0,3,3,6,8,1,8,0,8.6,44,dunnida01
209,Jhoan Durán,25,MIN,62.1,59,59,41,3,6,32,27,5,84%,33,1,5,0,0%,9,2.260,36,11,12,41,15,3,8,51,8,6,8,11,3.2,17,duranjh01
210,Nate Eaton,26,KCR,1.0,1,1,1,0,0,0,0,0,,0,0,0,0,,8,.000,0,0,1,0,0,1,0,1,0,0,0,0,3.0,22,eatonna01
211,Carl Edwards Jr.,31,WSN,31.2,32,32,3,1,3,4,2,2,50%,17,13,15,6,40%,7,1.547,17,12,3,23,4,5,12,20,4,5,7,6,3.0,18,edwarca01
212,Mason Englert,23,DET,56.0,31,30,7,4,3,3,0,3,0%,6,2,17,8,47%,6,.851,6,8,16,9,5,16,12,18,22,4,23,2,5.3,31,englema01
213,Lucas Erceg,28,OAK,55.0,50,50,4,4,4,2,0,2,0%,13,11,25,3,12%,7,1.280,21,19,10,18,14,18,16,34,17,14,21,8,3.3,21,erceglu01
214,Eduardo Escobar,34,LAA,3.2,3,3,3,0,0,0,0,0,,0,0,2,0,0%,8,.000,0,0,3,0,0,3,1,2,1,0,1,0,3.7,15,escobed01
215,Jose Espada,26,SDP,1.0,1,1,1,0,0,0,0,0,,0,0,0,0,,9,.000,0,0,1,1,0,0,0,1,0,0,0,0,3.0,25,espadjo01
216,Paolo Espino,36,WSN,4.0,3,3,1,0,0,0,0,0,,0,0,0,0,,9,.111,0,0,3,1,0,2,0,3,1,2,1,0,4.0,34,espinpa01
217,Carlos Estévez,30,LAA,62.1,63,63,49,5,5,35,31,4,89%,38,2,5,2,40%,9,2.105,37,12,14,47,11,5,6,57,4,6,4,13,3.0,18,estevca01
218,Jeremiah Estrada,24,CHC,10.2,12,12,5,0,0,0,0,0,,1,1,13,5,38%,8,.484,3,0,9,2,1,9,8,4,4,4,5,2,2.7,20,estraje01
219,Alex Faedo,27,DET,64.2,15,3,2,0,0,0,0,0,,1,1,0,0,,9,.896,0,2,1,2,0,1,0,3,2,0,2,0,6.0,26,faedoal01
220,Pete Fairbanks,29,TBR,45.1,49,49,37,2,4,29,25,4,86%,31,2,10,2,20%,9,1.979,31,10,8,39,10,0,8,41,1,10,1,9,2.8,15,fairbpe01
221,Bailey Falter*,26,TOT,80.2,18,4,1,1,1,0,0,0,,0,0,3,0,0%,,.814,1,0,3,1,1,2,1,3,4,0,4,0,13.3,59,falteba01
222,Bailey Falter*,26,PHI,40.1,8,1,0,0,1,0,0,0,,0,0,3,0,0%,1,.859,1,0,0,0,1,0,1,0,1,0,1,0,13.0,67,falteba01
223,Bailey Falter*,26,PIT,40.1,10,3,1,1,0,0,0,0,,0,0,0,0,,4,.769,0,0,3,1,0,2,0,3,3,0,3,0,13.3,56,falteba01
224,Jeurys Familia,33,OAK,12.2,14,14,3,0,1,4,2,2,50%,5,1,5,2,40%,8,1.794,6,1,7,5,2,7,4,10,2,4,2,0,2.7,18,familje01
225,Jake Faria,29,BOS,2.0,1,1,1,0,0,0,0,0,,0,0,0,0,,8,.053,0,0,1,1,0,0,0,1,1,0,1,0,6.0,65,fariaja01
226,Buck Farmer,32,CIN,75.0,71,71,10,4,5,9,3,6,33%,19,10,33,9,27%,7,1.215,27,24,20,35,13,23,27,44,20,17,25,8,3.2,17,farmebu01
227,Calvin Faucher,27,TBR,25.2,17,13,3,1,0,0,0,0,,1,1,1,0,0%,8,.664,1,3,9,7,1,5,1,12,6,1,6,1,4.1,26,fauchca01
228,Angel Felipe,25,OAK,15.0,14,14,5,1,1,1,0,1,0%,6,4,1,0,0%,8,1.138,4,3,7,7,1,6,1,13,4,3,4,3,3.2,19,felipan01
229,Caleb Ferguson*,26,LAD,60.1,68,61,9,7,2,8,3,5,38%,25,17,26,9,35%,8,1.510,26,20,15,35,12,14,18,43,2,18,6,14,2.6,15,ferguca01
230,Jose A. Ferrer*,23,WSN,34.0,39,39,6,3,0,2,0,2,0%,7,5,27,13,48%,7,.838,9,16,14,11,8,20,16,23,6,15,9,8,2.6,14,ferrejo01
231,Matt Festa,30,SEA,9.0,8,8,4,0,0,0,0,0,,1,1,3,0,0%,8,.448,1,1,6,1,0,7,2,6,3,1,3,1,3.4,24,festama01
232,Kyle Finnegan,31,WSN,69.1,67,67,46,7,5,36,28,8,78%,44,8,22,4,18%,9,2.193,46,8,13,53,10,4,14,53,10,8,11,12,3.1,17,finneky01
233,Jack Flaherty,27,TOT,144.1,29,2,0,0,0,0,0,0,,1,1,0,0,,,1.056,0,2,0,2,0,0,0,2,1,0,1,0,4.5,36,flaheja01
234,Jack Flaherty,27,BAL,34.2,9,2,0,0,0,0,0,0,,1,1,0,0,,8,1.113,0,2,0,2,0,0,0,2,1,0,1,0,4.5,36,flaheja01
235,Josh Fleming*,27,TBR,51.2,12,9,2,2,0,0,0,0,,0,0,4,0,0%,3,.894,1,5,3,3,3,3,3,6,9,0,9,0,12.6,59,flemijo01
236,Chris Flexen,28,TOT,102.1,29,13,9,0,0,0,0,0,,0,0,0,0,,,.738,0,0,13,4,0,9,0,13,9,0,9,0,5.7,31,flexech01
237,Chris Flexen,28,SEA,42.0,17,13,9,0,0,0,0,0,,0,0,0,0,,8,.467,0,0,13,4,0,9,0,13,9,0,9,0,5.7,31,flexech01
238,Dylan Floro,32,TOT,56.2,62,62,18,5,6,10,7,3,70%,19,9,24,7,29%,,1.452,29,17,16,31,12,19,17,45,5,14,6,15,2.7,16,florody01
239,Dylan Floro,32,MIA,39.2,43,43,13,3,5,9,7,2,78%,18,9,9,2,22%,8,1.587,24,8,11,24,11,8,8,35,5,10,5,12,2.8,15,florody01
240,Dylan Floro,32,MIN,17.0,19,19,5,2,1,1,0,1,0%,1,0,15,5,33%,6,1.151,5,9,5,7,1,11,9,10,0,4,1,3,2.7,16,florody01
241,Jason Foley,27,DET,69.0,70,70,18,3,3,9,7,2,78%,37,28,31,7,23%,8,1.548,34,17,19,48,10,12,20,50,12,14,15,15,3.0,15,foleyja01
242,Mike Ford,30,SEA,2.0,2,2,2,0,0,0,0,0,,0,0,0,0,,9,.000,0,0,2,0,0,2,0,2,0,0,0,0,3.0,21,fordmi01
243,J.P. France,28,HOU,136.1,24,1,0,1,0,0,0,0,,0,0,3,0,0%,4,.955,1,0,0,0,1,0,1,0,1,0,1,0,10.0,70,francjp01
244,Bowden Francis,27,TOR,36.1,20,20,11,1,0,1,1,0,100%,2,1,9,1,11%,9,.354,1,2,17,7,0,13,7,13,11,1,11,2,5.5,27,francbo01
245,Luis Frías,25,ARI,31.0,29,29,7,1,0,1,0,1,0%,2,1,16,4,25%,7,.643,6,5,18,9,2,18,9,20,10,7,14,5,3.2,19,friaslu01
246,David Fry,27,CLE,5.0,2,2,2,0,0,0,0,0,,0,0,2,2,100%,8,.001,0,0,2,0,0,2,1,1,1,0,1,0,7.5,36,fryda01
247,Shintaro Fujinami,29,TOT,79.0,64,57,19,7,2,6,2,4,33%,12,5,25,9,36%,,1.014,17,13,27,22,10,25,17,40,15,15,18,11,3.2,18,fujinsh01
248,Shintaro Fujinami,29,OAK,49.1,34,27,9,5,2,1,0,1,0%,4,3,19,7,37%,8,.988,8,8,11,6,7,14,11,16,11,6,13,5,3.5,20,fujinsh01
249,Shintaro Fujinami,29,BAL,29.2,30,30,10,2,0,5,2,3,40%,8,2,6,2,33%,9,1.063,9,5,16,16,3,11,6,24,4,9,5,6,3.0,17,fujinsh01
250,Carson Fulmer,29,LAA,10.0,3,2,1,0,1,0,0,0,,0,0,0,0,,9,1.150,0,1,1,1,0,1,0,2,1,0,1,1,7.5,41,fulmeca01
251,Michael Fulmer,30,CHC,57.0,58,57,14,3,5,5,2,3,40%,16,11,31,6,19%,8,1.264,21,14,22,31,7,19,15,42,9,16,11,13,2.9,16,fulmemi01
252,Kody Funderburk*,26,MIN,12.0,11,11,4,2,0,0,0,0,,2,2,5,2,40%,10,1.477,5,3,3,6,4,1,4,7,2,2,3,1,3.3,17,fundeko01
253,Hunter Gaddis,25,CLE,42.0,11,4,3,1,0,0,0,0,,0,0,2,1,50%,8,.965,0,1,3,1,0,3,1,3,3,0,3,0,8.0,42,gaddihu01
254,Matt Gage*,30,HOU,6.2,5,5,2,0,0,0,0,0,,0,0,10,1,10%,5,.499,1,2,2,1,0,4,4,1,3,2,4,0,4.0,24,gagema01
255,Giovanny Gallegos,31,STL,55.0,56,56,16,2,4,16,10,6,63%,36,20,29,13,45%,8,1.535,33,13,10,42,7,7,17,39,11,14,14,10,2.9,16,gallegi01
256,Deivi García,24,TOT,15.0,8,8,1,0,1,1,1,0,100%,1,0,6,2,33%,,.639,2,2,4,1,2,5,5,3,6,0,6,0,5.6,36,garcide01
257,Deivi García,24,NYY,5.2,2,2,1,0,0,1,1,0,100%,1,0,1,1,100%,7,.008,0,0,2,1,0,1,1,1,2,0,2,0,8.5,59,garcide01
258,Deivi García,24,CHW,9.1,6,6,0,0,1,0,0,0,,0,0,5,1,20%,10,1.014,2,2,2,0,2,4,4,2,4,0,4,0,4.7,29,garcide01
259,Luis García,36,SDP,59.2,61,61,26,2,3,3,0,3,0%,13,10,15,4,27%,9,.864,13,10,38,25,7,29,11,50,10,15,10,10,2.9,17,garcilu03
260,Rico Garcia,29,TOT,11.2,10,10,1,0,0,0,0,0,,1,1,5,4,80%,,.269,1,0,9,4,0,6,4,6,3,2,4,1,3.5,27,garciri01
261,Rico Garcia,29,OAK,8.2,7,7,1,0,0,0,0,0,,1,1,4,3,75%,6,.318,1,0,6,3,0,4,3,4,3,2,3,1,3.7,26,garciri01
262,Rico Garcia,29,WSN,3.0,3,3,0,0,0,0,0,0,,0,0,1,1,100%,7,.135,0,0,3,1,0,2,1,2,0,0,1,0,3.0,28,garciri01
263,Robert Garcia*,27,TOT,32.0,25,25,3,2,2,0,0,0,,5,5,10,4,40%,,1.238,7,5,13,7,3,15,8,17,12,7,14,4,3.8,21,garciro04
264,Robert Garcia*,27,MIA,0.1,1,1,0,0,0,0,0,0,,0,0,0,0,,7,.510,0,0,1,0,0,1,0,1,0,1,0,0,1.0,15,garciro04
265,Robert Garcia*,27,WSN,31.2,24,24,3,2,2,0,0,0,,5,5,10,4,40%,5,1.256,7,5,12,7,3,14,8,16,12,6,14,4,4.0,21,garciro04
266,Yimi García,32,TOR,66.0,73,73,16,3,4,7,3,4,43%,26,19,34,7,21%,7,1.455,38,12,23,40,18,15,23,50,7,20,12,17,2.7,15,garciyi01
267,Amir Garrett*,31,KCR,24.1,27,27,3,0,1,0,0,0,,0,0,10,2,20%,7,.550,2,6,19,5,2,20,6,21,1,6,3,3,2.7,18,garream01
268,Braxton Garrett*,25,MIA,159.2,31,1,1,0,0,0,0,0,,0,0,0,0,,7,.968,0,0,1,0,0,1,0,1,1,0,1,0,9.0,46,garrebr01
269,Reed Garrett,30,TOT,19.2,11,11,3,1,0,0,0,0,,0,0,12,4,33%,,.249,0,3,8,1,0,10,8,3,8,1,10,0,5.4,32,garrere01
270,Reed Garrett,30,BAL,2.2,2,2,1,0,0,0,0,0,,0,0,2,2,100%,9,.148,0,0,2,0,0,2,1,1,1,0,1,0,4.0,26,garrere01
271,Reed Garrett,30,NYM,17.0,9,9,2,1,0,0,0,0,,0,0,10,2,20%,6,.272,0,3,6,1,0,8,7,2,7,1,9,0,5.7,33,garrere01
272,Justin Garza,29,BOS,18.1,17,16,8,0,1,0,0,0,,0,0,11,2,18%,9,.606,2,5,9,5,1,10,6,10,6,5,6,3,3.3,20,garzaju01
273,Domingo Germán,30,NYY,108.2,20,1,1,0,0,0,0,0,,0,0,0,0,,5,.787,0,0,1,0,0,1,0,1,1,0,1,0,15.0,72,germado01
274,Ian Gibaut,29,CIN,75.2,74,74,15,8,4,9,3,6,33%,33,23,35,12,34%,7,1.515,41,18,15,38,14,22,25,49,16,17,19,18,3.1,16,gibauia01
275,Tyler Gilbert*,29,ARI,17.1,11,11,1,0,2,1,0,1,0%,1,0,4,1,25%,5,.816,2,3,6,2,3,6,4,7,6,1,7,1,4.7,24,gilbety01
276,Logan Gillaspie,26,BAL,9.0,11,11,3,0,1,2,0,2,0%,4,2,7,2,29%,8,.811,3,1,7,6,0,5,6,5,3,7,3,1,2.5,17,gillalo01
277,Kevin Ginkel,29,ARI,65.1,60,60,19,9,1,6,4,2,67%,14,8,21,8,38%,8,.965,15,16,29,30,9,21,14,46,14,9,16,11,3.3,18,ginkeke01
278,Mychal Givens,33,BAL,4.0,6,6,0,0,1,1,0,1,0%,3,1,0,0,,8,1.579,2,2,2,4,0,2,0,6,0,3,0,1,2.0,15,givenmy01
279,Yoendrys Gómez,23,NYY,2.0,1,1,1,0,0,0,0,0,,0,0,0,0,,7,.014,0,0,1,0,0,1,0,1,1,0,1,0,6.0,30,gomezyo01
280,Chi Chi González,31,MIA,3.2,3,3,2,0,0,0,0,0,,0,0,1,0,0%,8,.166,0,0,3,1,0,2,1,2,1,1,1,0,3.7,25,gonzach01
281,Victor González*,27,LAD,33.2,34,33,7,3,3,0,0,0,,4,4,10,5,50%,7,.710,3,11,19,14,6,13,5,28,8,7,9,5,3.0,15,gonzavi02
282,Trevor Gott,30,TOT,58.0,64,64,13,0,5,8,1,7,13%,18,10,22,14,64%,,1.244,19,18,27,30,8,26,19,45,6,14,7,12,2.7,15,gotttr01
283,Trevor Gott,30,SEA,29.0,30,30,4,0,3,3,0,3,0%,10,7,10,5,50%,7,1.236,10,9,11,15,5,10,11,19,6,6,7,6,2.9,16,gotttr01
284,Trevor Gott,30,NYM,29.0,34,34,9,0,2,5,1,4,20%,8,3,12,9,75%,7,1.252,9,9,16,15,3,16,8,26,0,8,0,6,2.6,15,gotttr01
285,Brusdar Graterol,24,LAD,67.1,68,67,19,4,2,8,7,1,88%,27,19,21,6,29%,7,1.485,32,17,18,41,13,13,18,49,7,11,8,16,2.9,13,gratebr01
286,Kendall Graveman,32,TOT,66.1,68,68,26,5,6,12,8,4,67%,26,13,5,0,0%,,1.540,30,17,21,40,11,17,6,62,4,8,4,13,2.9,16,graveke01
287,Kendall Graveman,32,CHW,44.0,45,45,22,3,4,12,8,4,67%,21,8,1,0,0%,9,1.853,27,6,12,29,10,6,2,43,1,4,1,12,2.9,16,graveke01
288,Kendall Graveman,32,HOU,22.1,23,23,4,2,2,0,0,0,,5,5,4,0,0%,7,.934,3,11,9,11,1,11,4,19,3,4,3,1,2.9,17,graveke01
289,Chad Green,32,TOR,12.0,12,12,2,3,0,0,0,0,,2,2,6,1,17%,7,1.096,5,1,6,4,2,6,5,7,2,3,4,1,3.0,16,greench03
290,Shane Greene,34,CHC,3.0,2,2,2,0,0,0,0,0,,0,0,0,0,,9,.080,0,0,2,1,0,1,0,2,1,0,1,0,4.5,21,greensh02
291,Zack Greinke,39,KCR,142.1,30,3,0,0,2,0,0,0,,0,0,0,0,,4,.944,0,2,1,0,2,1,0,3,3,0,3,0,11.3,64,greinza01
292,Michael Grove,26,LAD,69.0,18,6,1,1,0,0,0,0,,1,1,3,0,0%,7,.863,2,2,2,4,0,2,2,4,6,0,6,0,8.5,44,grovemi01
293,Javy Guerra,27,TOT,19.1,17,15,11,0,0,0,0,0,,0,0,5,5,100%,,.444,2,1,12,4,0,11,3,12,5,3,5,1,3.5,22,guerrja02
294,Javy Guerra,27,MIL,8.1,8,8,6,0,0,0,0,0,,0,0,3,3,100%,8,.238,1,0,7,2,0,6,2,6,2,2,2,0,3.1,20,guerrja02
295,Javy Guerra,27,TBR,11.0,9,7,5,0,0,0,0,0,,0,0,2,2,100%,9,.622,1,1,5,2,0,5,1,6,3,1,3,1,4.0,23,guerrja02
296,Luis Guillorme,28,NYM,1.0,1,1,1,0,0,0,0,0,,0,0,0,0,,8,.000,0,0,1,0,0,1,0,1,0,0,0,0,3.0,12,guilllu01
297,Josh Hader*,29,SDP,56.1,61,61,52,2,3,38,33,5,87%,38,0,12,4,33%,9,1.745,32,12,17,49,8,4,9,52,0,9,0,15,2.8,17,haderjo01
298,DL Hall*,24,BAL,19.1,18,18,3,3,0,1,0,1,0%,3,2,8,2,25%,8,1.014,5,2,11,9,1,8,7,11,6,5,7,2,3.2,21,halldl01
299,Ian Hamilton,28,NYY,58.0,39,36,6,3,2,2,2,0,100%,7,5,20,5,25%,7,.950,9,12,15,16,6,14,15,21,19,5,21,3,4.5,25,hamilia01
300,Brad Hand*,33,TOT,53.2,60,60,15,5,3,3,1,2,33%,8,5,27,7,26%,,.876,14,16,30,17,7,36,16,44,4,16,9,7,2.7,16,handbr01
301,Brad Hand*,33,COL,35.2,40,40,11,3,1,0,0,0,,3,3,22,5,23%,8,.831,10,8,22,8,7,25,11,29,3,11,6,4,2.7,16,handbr01
302,Brad Hand*,33,ATL,18.0,20,20,4,2,2,3,1,2,33%,5,2,5,2,40%,7,.965,4,8,8,9,0,11,5,15,1,5,3,3,2.7,16,handbr01
303,Brenan Hanifee,25,DET,5.0,3,3,2,0,0,0,0,0,,0,0,0,0,,9,.066,0,0,3,3,0,0,0,3,2,0,2,0,5.0,30,hanifbr01
304,Hobie Harris,30,WSN,19.1,16,16,8,0,0,0,0,0,,0,0,5,1,20%,9,.313,1,1,14,2,1,13,2,14,3,1,3,1,3.6,22,harriho02
305,Hogan Harris*,26,OAK,63.0,14,8,0,2,1,0,0,0,,0,0,2,0,0%,2,.835,0,3,5,1,1,6,1,7,7,1,7,0,12.4,74,harriho03
306,Josh Harrison,35,PHI,1.2,2,2,2,0,0,0,0,0,,0,0,3,3,100%,8,.000,0,0,2,0,0,2,1,1,0,1,0,0,2.5,22,harrijo05
307,Geoff Hartlieb,29,MIA,4.0,2,2,1,0,0,0,0,0,,0,0,0,0,,8,.118,0,0,2,1,0,1,0,2,1,0,1,0,6.0,33,hartlge01
308,Grant Hartwig,25,NYM,35.1,28,28,6,5,2,0,0,0,,2,2,17,5,29%,6,.836,7,5,16,10,6,12,10,18,13,5,14,2,3.8,23,hartwgr01
309,Hunter Harvey,28,WSN,60.2,57,57,20,4,4,15,10,5,67%,34,19,22,8,36%,9,1.622,29,18,10,41,9,7,16,41,12,8,13,12,3.2,17,harvehu01
310,Thomas Hatch,28,TOT,28.2,18,16,7,1,1,1,0,1,0%,4,3,8,5,63%,,.961,4,3,9,5,1,10,6,10,8,2,9,1,4.4,25,hatchto01
311,Thomas Hatch,28,TOR,6.1,6,6,4,0,0,0,0,0,,0,0,2,1,50%,8,.351,0,0,6,1,0,5,2,4,2,2,2,0,3.2,22,hatchto01
312,Thomas Hatch,28,PIT,22.1,12,10,3,1,1,1,0,1,0%,4,3,6,4,67%,7,1.188,4,3,3,4,1,5,4,6,6,0,7,1,5.1,26,hatchto01
313,Brent Headrick*,25,MIN,25.2,14,14,5,3,0,2,1,1,50%,2,0,7,1,14%,7,.249,2,1,11,5,2,7,4,10,7,2,8,0,5.5,35,headrbr01
314,Andrew Heaney*,32,TEX,147.1,34,6,1,1,0,1,0,1,0%,3,2,7,1,14%,7,.935,4,1,1,4,1,1,3,3,4,1,4,0,5.3,36,heanean01
315,Taylor Hearn*,28,TOT,15.0,13,13,3,0,0,0,0,0,,1,1,4,0,0%,,.370,0,4,9,4,1,8,3,10,5,4,6,0,3.5,24,hearnta01
316,Taylor Hearn*,28,TOT,14.2,12,12,3,0,0,0,0,0,,1,1,4,0,0%,,.393,0,4,8,3,1,8,3,9,5,3,6,0,3.7,24,hearnta01
317,Taylor Hearn*,28,TEX,7.0,4,4,2,0,0,0,0,0,,0,0,2,0,0%,7,.127,0,0,4,1,0,3,1,3,3,0,3,0,5.3,35,hearnta01
318,Taylor Hearn*,28,ATL,0.1,1,1,0,0,0,0,0,0,,0,0,0,0,,8,.040,0,0,1,1,0,0,0,1,0,1,0,0,1.0,24,hearnta01
319,Taylor Hearn*,28,KCR,7.2,8,8,1,0,0,0,0,0,,1,1,2,0,0%,7,.637,0,4,4,2,1,5,2,6,2,3,3,0,2.9,19,hearnta01
320,Jonathan Heasley,26,KCR,15.0,12,12,5,0,0,1,0,1,0%,2,1,4,2,50%,8,.497,1,3,8,4,0,8,2,10,3,0,3,2,3.8,18,heasljo01
321,Austin Hedges,30,TEX,3.2,4,4,4,0,0,0,0,0,,0,0,0,0,,9,.000,0,0,4,0,0,4,0,4,0,1,0,1,2.8,13,hedgeau01
322,Ben Heller,31,ATL,18.2,19,19,5,0,0,1,0,1,0%,5,4,10,2,20%,8,.570,5,1,13,14,0,5,5,14,3,6,4,3,2.9,16,hellebe01
323,Ryan Helsley,28,STL,36.2,33,33,25,3,4,19,14,5,74%,21,2,17,3,18%,9,2.171,20,6,7,24,6,3,11,22,11,4,12,7,3.3,18,helslry01
324,Heath Hembree,34,TBR,1.1,1,1,0,0,0,0,0,0,,0,0,1,0,0%,5,.175,0,0,1,0,0,1,1,0,1,0,1,0,4.0,18,hembrhe01
325,Liam Hendriks,34,CHW,5.0,5,5,3,2,0,1,1,0,100%,1,0,0,0,,9,1.608,4,1,0,1,3,1,0,5,0,0,0,1,3.0,17,hendrli01
326,Tommy Henry*,25,ARI,89.0,17,1,0,0,0,0,0,0,,0,0,0,0,,5,.943,0,1,0,0,0,1,0,1,1,0,1,0,4.0,10,henryto01
327,Sam Hentges*,26,CLE,52.1,56,56,9,3,2,3,0,3,0%,21,17,29,2,7%,7,1.311,19,19,18,25,11,20,22,34,8,17,18,12,2.8,15,hentgsa01
328,Jimmy Herget,29,LAA,29.0,29,28,6,2,4,4,0,4,0%,11,6,20,13,65%,7,.936,11,6,11,14,3,11,12,16,6,5,7,3,3.0,18,hergeji01
329,Kevin Herget,32,CIN,24.1,14,14,7,1,2,1,1,0,100%,1,0,3,0,0%,8,.344,2,0,12,5,2,7,2,12,9,0,10,0,5.2,30,hergeke01
330,Carlos Hernández,26,KCR,70.0,67,63,15,1,10,10,4,6,40%,27,17,25,13,52%,7,1.272,23,20,20,30,10,23,14,49,10,15,11,13,3.0,18,hernaca04
331,Daysbel Hernández,26,ATL,3.2,4,4,2,1,0,0,0,0,,0,0,0,0,,8,.364,0,1,3,1,0,3,0,4,0,1,0,0,2.8,21,hernada03
332,Jonathan Hernández,26,TEX,31.2,33,33,8,1,2,4,0,4,0%,15,10,23,10,43%,8,1.347,12,8,13,26,3,4,13,20,7,14,10,3,2.9,17,hernajo02
333,Jose Hernandez*,25,PIT,50.2,50,50,12,1,3,2,0,2,0%,7,5,23,8,35%,7,.556,8,13,29,10,7,33,16,34,13,22,16,7,3.0,17,hernajo03
334,Nick Hernandez,28,SDP,3.0,2,2,0,0,0,0,0,0,,0,0,0,0,,6,.172,0,0,2,1,0,1,0,2,1,0,1,0,4.5,41,hernani01
335,Yonny Hernández,25,LAD,1.0,1,1,1,0,0,0,0,0,,0,0,0,0,,8,.000,0,0,1,0,0,1,0,1,0,0,0,0,3.0,10,hernayo02
336,José Herrera,26,ARI,2.0,2,2,2,0,0,0,0,0,,0,0,0,0,,8,.000,0,0,2,0,0,2,0,2,0,0,0,0,3.0,19,herrejo04
337,Tim Herrin*,26,CLE,27.2,23,23,6,1,1,1,0,1,0%,3,1,10,4,40%,7,.517,1,5,17,6,0,17,6,17,9,5,10,2,3.6,22,herriti01
338,Jordan Hicks,26,TOT,65.2,65,65,26,3,9,15,12,3,80%,28,13,16,2,13%,,1.462,28,21,16,36,13,16,15,50,10,12,13,13,3.0,17,hicksjo03
339,Jordan Hicks,26,STL,41.2,40,40,16,1,6,11,8,3,73%,17,6,12,2,17%,9,1.427,18,11,11,22,6,12,10,30,8,8,10,7,3.1,19,hicksjo03
340,Jordan Hicks,26,TOR,24.0,25,25,10,2,3,4,4,0,100%,11,7,4,0,0%,9,1.531,10,10,5,14,7,4,5,20,2,4,3,6,2.9,14,hicksjo03
341,Garrett Hill,27,DET,15.2,9,9,3,0,0,1,1,0,100%,2,1,8,3,38%,8,.525,3,1,5,2,0,7,5,4,6,1,6,0,5.2,34,hillga02
342,Rich Hill*,43,TOT,146.1,32,5,3,1,0,1,0,1,0%,1,0,6,5,83%,,.906,1,0,4,2,0,3,3,2,4,0,4,0,6.4,34,hillri01
343,Rich Hill*,43,SDP,27.1,10,5,3,1,0,1,0,1,0%,1,0,6,5,83%,10,.809,1,0,4,2,0,3,3,2,4,0,4,0,6.4,34,hillri01
344,Tim Hill*,33,SDP,44.1,48,48,7,1,4,3,0,3,0%,12,9,14,4,29%,7,1.024,13,7,28,26,5,17,10,38,8,15,9,11,2.8,15,hillti01
345,Sean Hjelle,26,SFG,29.0,15,15,7,2,1,1,0,1,0%,1,0,9,4,44%,7,.537,2,3,10,3,2,10,7,8,9,3,10,2,5.8,34,hjellse01
346,Bryan Hoeing,26,MIA,70.2,33,26,11,2,1,0,0,0,,2,2,17,8,47%,8,.760,5,5,16,6,5,15,12,14,11,3,11,4,4.8,25,hoeinbr01
347,Jeff Hoffman,30,PHI,52.1,54,54,13,5,2,3,1,2,33%,14,11,35,11,31%,8,1.239,18,12,24,24,5,25,23,31,10,17,13,9,2.9,16,hoffmje02
348,Colin Holderman,27,PIT,56.0,58,58,8,0,3,6,2,4,33%,33,27,9,1,11%,8,1.637,21,20,17,43,6,9,6,52,5,9,5,10,2.9,16,holdeco01
349,Gavin Hollowell,25,COL,33.2,26,26,7,2,0,2,1,1,50%,5,3,14,4,29%,6,.861,4,8,14,7,3,16,11,15,12,5,12,4,3.9,23,holloga01
350,Clay Holmes,30,NYY,63.0,66,66,41,4,4,27,24,3,89%,32,5,22,10,45%,9,1.726,34,16,16,45,15,6,12,54,3,9,5,17,2.9,16,holmecl01
351,Tyler Holton*,27,DET,85.1,59,58,7,3,2,2,1,1,50%,18,14,28,5,18%,6,.837,19,17,22,28,6,24,19,39,33,10,37,7,4.4,20,holtoty01
352,Brent Honeywell Jr.,28,TOT,52.1,40,40,10,2,4,2,0,2,0%,6,4,23,11,48%,,.755,11,9,20,13,7,20,13,27,17,6,19,7,3.9,24,honeybr01
353,Brent Honeywell Jr.,28,SDP,46.2,36,36,10,2,4,2,0,2,0%,5,3,22,11,50%,6,.804,10,9,17,12,7,17,12,24,15,5,17,7,3.9,23,honeybr01
354,Brent Honeywell Jr.,28,CHW,5.2,4,4,0,0,0,0,0,0,,1,1,1,0,0%,8,.424,1,0,3,1,0,3,1,3,2,1,2,0,4.3,27,honeybr01
355,Adrian Houser,30,MIL,111.1,23,2,1,0,0,0,0,0,,0,0,0,0,,8,.924,0,0,2,1,0,1,0,2,1,0,1,0,7.5,48,housead01
356,Spencer Howard,26,TEX,3.1,3,3,2,0,0,0,0,0,,0,0,1,0,0%,8,.125,0,0,3,0,0,3,1,2,1,1,1,0,3.3,27,howarsp01
357,Bryan Hudson*,26,LAD,8.2,6,6,5,0,0,0,0,0,,0,0,0,0,,8,.135,0,0,6,3,0,3,0,6,3,0,3,1,4.3,27,hudsobr01
358,Dakota Hudson,28,STL,81.1,18,6,1,1,0,0,0,0,,1,1,8,2,25%,5,.904,3,2,1,2,1,3,5,1,6,0,6,0,8.2,48,hudsoda02
359,Daniel Hudson,36,LAD,3.0,3,3,1,0,0,1,1,0,100%,2,1,0,0,,8,2.126,1,1,1,3,0,0,0,3,0,0,0,0,3.0,21,hudsoda01
360,Brandon Hughes*,27,CHC,13.2,17,17,2,0,3,2,0,2,0%,3,1,15,5,33%,5,1.249,5,4,8,6,2,9,9,8,2,9,4,4,2.4,14,hughebr01
361,Tommy Hunter,36,NYM,23.2,14,14,6,0,1,0,0,0,,1,1,10,5,50%,6,.442,2,1,11,3,1,10,6,8,10,3,10,1,5.1,26,hunteto02
362,Kyle Hurt,25,LAD,2.0,1,1,1,0,0,0,0,0,,0,0,0,0,,8,.025,0,0,1,1,0,0,0,1,1,0,1,0,6.0,24,hurtky01
363,Raisel Iglesias,33,ATL,55.2,58,58,50,5,4,37,33,4,89%,37,0,0,0,,9,1.882,34,12,12,47,8,3,3,55,0,5,0,15,2.9,15,iglesra01
364,Kolton Ingram*,26,LAA,5.1,5,5,2,0,0,0,0,0,,0,0,1,1,100%,7,.490,0,1,4,3,0,2,1,4,1,1,2,0,3.2,20,ingrako01
365,Cole Irvin*,29,BAL,77.1,24,12,6,0,0,0,0,0,,1,1,3,1,33%,8,.870,1,2,9,3,0,9,2,10,6,1,6,0,4.8,28,irvinco01
366,Andre Jackson,27,TOT,61.1,19,12,6,0,0,2,2,0,100%,3,1,6,3,50%,,.762,2,4,6,5,1,6,4,8,12,0,12,0,8.6,45,jacksan01
367,Andre Jackson,27,LAD,17.2,7,7,5,0,0,2,2,0,100%,2,0,3,2,67%,7,.137,0,1,6,3,0,4,2,5,7,0,7,0,7.6,44,jacksan01
368,Andre Jackson,27,PIT,43.2,12,5,1,0,0,0,0,0,,1,1,3,1,33%,7,1.040,2,3,0,2,1,2,2,3,5,0,5,0,10.0,46,jacksan01
369,Jay Jackson,35,TOR,29.2,25,25,10,3,1,0,0,0,,1,1,4,0,0%,9,.829,4,5,16,8,7,10,4,21,7,4,8,3,3.6,18,jacksja01
370,Luke Jackson,31,SFG,33.1,33,33,9,2,2,2,0,2,0%,6,4,7,2,29%,6,.843,5,8,20,15,4,14,8,25,7,4,8,4,3.0,16,jackslu01
371,Zach Jackson,28,OAK,18.0,19,19,6,2,1,2,1,1,50%,3,1,7,2,29%,8,2.257,12,3,4,5,8,6,8,11,3,4,3,5,2.8,20,jacksza02
372,Alek Jacob,25,SDP,3.0,3,3,2,0,0,0,0,0,,0,0,2,0,0%,8,.202,0,1,2,1,0,2,2,1,1,2,1,0,3.0,16,jacobal01
373,Joe Jacques*,28,BOS,26.2,23,22,7,2,0,1,1,0,100%,1,0,14,5,36%,5,.605,3,6,13,5,1,16,9,13,7,5,9,6,3.5,19,jacqujo01
374,Drey Jameson,25,ARI,40.2,15,12,3,3,0,1,1,0,100%,2,1,8,0,0%,5,.784,2,5,5,3,2,7,4,8,12,0,12,0,8.0,42,jamesdr01
375,Kenley Jansen,35,BOS,44.2,51,51,42,3,6,33,29,4,88%,33,0,6,1,17%,9,1.880,32,11,8,36,9,6,4,47,1,9,1,10,2.6,14,janseke01
376,Bryce Jarvis,25,ARI,23.2,11,10,2,2,0,0,0,0,,0,0,6,2,33%,8,.736,0,6,4,5,1,4,5,5,8,1,9,0,6.3,33,jarvibr01
377,Griffin Jax,28,MIN,65.1,71,71,14,6,10,11,4,7,36%,34,23,11,4,36%,8,1.733,49,8,14,41,20,10,10,61,0,13,0,16,2.8,15,jaxgr01
378,Dany Jiménez,29,OAK,23.1,25,24,6,0,2,2,1,1,50%,9,7,7,2,29%,8,1.361,13,2,9,13,6,5,4,20,2,5,3,5,2.8,16,jimenda01
379,Joe Jiménez,28,ATL,56.1,59,59,16,0,3,3,0,3,0%,16,13,18,10,56%,7,.814,13,14,32,32,4,23,11,48,5,13,5,4,2.9,16,jimenjo02
380,Pierce Johnson,32,TOT,62.2,67,67,28,2,6,16,13,3,81%,28,12,16,5,31%,,1.218,20,21,26,39,7,21,13,54,3,16,5,4,2.8,16,johnspi01
381,Pierce Johnson,32,COL,39.0,43,43,26,1,5,15,13,2,87%,19,4,5,0,0%,9,1.373,16,12,15,24,5,14,5,38,0,10,0,3,2.7,17,johnspi01
382,Pierce Johnson,32,ATL,23.2,24,24,2,1,1,1,0,1,0%,9,8,11,5,45%,7,.890,4,9,11,15,2,7,8,16,3,6,5,1,3.0,14,johnspi01
383,Ben Joyce,22,LAA,10.0,12,12,0,1,1,0,0,0,,5,4,0,0,,7,1.523,4,5,3,5,2,5,0,12,0,2,0,0,2.5,17,joycebe01
384,Jakob Junis,30,SFG,86.0,40,36,6,4,3,3,1,2,33%,5,2,21,11,52%,3,.812,9,13,14,10,7,19,16,20,25,2,29,1,6.1,33,junisja01
385,Janson Junk,27,MIL,7.1,2,1,1,0,0,0,0,0,,0,0,0,0,,7,.549,0,0,1,1,0,0,0,1,1,0,1,0,8.0,31,junkja01
386,Evan Justice*,24,COL,7.1,9,9,1,0,0,0,0,0,,0,0,5,4,80%,6,.954,1,2,6,1,2,6,4,5,1,4,3,2,2.4,19,justiev01
387,Tommy Kahnle,33,NYY,40.2,42,42,9,1,3,4,2,2,50%,18,14,9,8,89%,8,1.168,19,10,13,21,7,14,6,36,2,7,3,6,2.9,16,kahnlto01
388,James Kaprielian,29,OAK,61.0,14,3,0,0,0,1,0,1,0%,1,0,1,1,100%,7,1.052,1,1,1,1,1,1,1,2,0,1,0,0,2.7,23,kaprija01
389,Ricky Karcher,25,CIN,1.0,1,1,1,0,0,1,1,0,100%,1,0,0,0,,10,6.340,1,0,0,1,0,0,1,0,0,0,0,0,3.0,21,karchri01
390,James Karinchak,27,CLE,39.0,44,44,5,2,5,3,0,3,0%,16,13,20,12,60%,8,1.324,19,9,16,17,9,18,12,32,2,11,3,11,2.7,17,karinja01
391,Karl Kauffmann,25,COL,35.0,11,8,3,2,2,0,0,0,,0,0,1,0,0%,3,.909,0,5,3,2,2,4,1,7,6,0,6,0,8.4,42,kauffka01
392,Anthony Kay*,28,TOT,14.2,16,16,5,0,0,1,0,1,0%,1,0,9,6,67%,,.394,2,1,13,10,2,4,6,10,3,4,3,2,2.8,15,kayan01
393,Anthony Kay*,28,CHC,11.1,13,13,4,0,0,1,0,1,0%,1,0,6,4,67%,7,.397,2,0,11,10,1,2,4,9,2,3,2,2,2.6,15,kayan01
394,Anthony Kay*,28,NYM,3.1,3,3,1,0,0,0,0,0,,0,0,3,2,67%,6,.381,0,1,2,0,1,2,2,1,1,1,1,0,3.3,14,kayan01
395,Brad Keller,27,KCR,45.1,11,2,2,0,0,0,0,0,,0,0,0,0,,9,1.034,0,0,2,0,0,2,0,2,0,0,0,0,3.0,23,kellebr01
396,Trevor Kelley,30,TBR,15.1,10,7,2,0,1,0,0,0,,1,1,1,0,0%,8,.757,0,4,3,1,0,6,1,6,3,2,3,1,3.9,25,kelletr01
397,Carson Kelly,28,TOT,2.2,3,3,2,0,0,0,0,0,,0,0,1,1,100%,,.000,0,0,3,0,0,3,1,2,0,1,0,0,2.7,17,kellyca02
398,Carson Kelly,28,ARI,2.0,2,2,2,0,0,0,0,0,,0,0,0,0,,9,.000,0,0,2,0,0,2,0,2,0,0,0,0,3.0,20,kellyca02
399,Carson Kelly,28,DET,0.2,1,1,0,0,0,0,0,0,,0,0,1,1,100%,8,.000,0,0,1,0,0,1,1,0,0,1,0,0,2.0,13,kellyca02
400,Joe Kelly,35,TOT,39.1,42,42,6,2,5,7,1,6,14%,20,13,17,6,35%,,1.474,24,5,13,31,8,3,11,31,4,7,5,4,2.8,17,kellyjo05
401,Joe Kelly,35,CHW,29.0,31,31,4,1,5,7,1,6,14%,18,11,13,5,38%,7,1.664,21,4,6,23,6,2,8,23,3,5,4,4,2.8,18,kellyjo05
402,Joe Kelly,35,LAD,10.1,11,11,2,1,0,0,0,0,,2,2,4,1,25%,8,.865,3,1,7,8,2,1,3,8,1,2,1,0,2.8,15,kellyjo05
403,Kevin Kelly,25,TBR,67.0,57,57,4,5,2,2,1,1,50%,14,12,39,11,28%,6,1.047,21,17,19,27,11,19,22,35,24,15,24,8,3.5,19,kellyke02
404,Michael Kelly,30,CLE,16.2,14,14,6,1,0,0,0,0,,0,0,4,2,50%,8,.485,0,3,11,4,0,10,2,12,4,1,5,1,3.6,19,kellymi03
405,Zack Kelly,28,BOS,9.1,8,8,2,0,0,0,0,0,,0,0,3,2,67%,4,.539,1,2,5,1,0,7,1,7,2,2,2,0,3.5,23,kellyza01
406,Brett Kennedy,28,CIN,18.0,5,3,3,0,0,0,0,0,,0,0,2,2,100%,8,.614,0,0,3,1,0,2,1,2,3,0,3,0,8.0,50,kennebr02
407,Ian Kennedy,38,TEX,16.1,16,16,7,0,1,1,0,1,0%,1,0,9,5,56%,7,.342,1,3,12,6,0,10,5,11,5,3,5,1,3.1,20,kenneia01
408,Orion Kerkering,22,PHI,3.0,3,3,0,1,0,0,0,0,,1,1,0,0,,8,.946,1,1,1,1,1,1,0,3,0,0,0,0,3.0,20,kerkeor01
409,Ray Kerr*,28,SDP,27.0,22,22,12,1,1,1,0,1,0%,1,0,11,7,64%,8,.695,4,2,16,11,3,8,6,16,7,5,9,3,3.7,19,kerrra01
410,Dallas Keuchel*,35,MIN,37.2,10,4,2,1,0,0,0,0,,0,0,0,0,,8,.879,1,0,3,1,1,2,0,4,4,0,4,0,9.3,60,keuchda01
411,Caleb Kilian,26,CHC,5.1,3,2,1,0,0,0,0,0,,0,0,3,1,33%,8,.667,0,0,2,0,0,2,1,1,0,0,0,0,3.0,21,kiliaca01
412,Craig Kimbrel,35,PHI,69.0,71,71,45,8,6,28,23,5,82%,35,7,1,1,100%,9,1.817,43,9,19,44,16,11,6,65,0,4,0,17,2.9,16,kimbrcr01
413,Isiah Kiner-Falefa,28,NYY,4.0,4,4,4,0,0,0,0,0,,0,0,0,0,,9,.000,0,0,4,0,0,4,0,4,0,0,0,0,3.0,13,kineris01
414,John King*,28,TOT,37.1,35,35,9,2,1,2,0,2,0%,14,12,23,7,30%,,1.028,12,7,16,21,1,13,14,21,8,10,8,6,3.2,15,kingjo01
415,John King*,28,TEX,18.2,15,15,8,1,1,1,0,1,0%,3,2,16,6,38%,8,.525,3,2,10,8,0,7,8,7,5,4,5,2,3.7,18,kingjo01
416,John King*,28,STL,18.2,20,20,1,1,0,1,0,1,0%,11,10,7,1,14%,8,1.565,9,5,6,13,1,6,6,14,3,6,3,4,2.8,13,kingjo01
417,Michael King,28,NYY,104.2,49,40,10,3,4,10,6,4,60%,19,8,27,8,30%,7,1.229,21,13,6,22,9,9,18,22,27,5,29,0,4.8,26,kingmi01
418,Tyler Kinley,32,COL,16.1,18,18,11,0,4,7,5,2,71%,8,1,7,1,14%,9,1.629,11,4,3,9,5,4,3,15,1,5,1,3,2.7,17,kinlety01
419,Andrew Kittredge,33,TBR,11.2,14,14,6,2,0,1,1,0,100%,2,1,3,2,67%,9,.909,3,3,8,5,1,8,2,12,0,5,0,4,2.5,13,kittran01
420,Corey Kluber,37,BOS,55.0,15,6,1,1,0,1,1,0,100%,1,0,0,0,,7,.773,1,0,5,2,1,3,0,6,5,0,5,1,6.7,37,klubeco01
421,Reiss Knehr,26,SDP,5.2,4,3,3,0,0,0,0,0,,0,0,2,2,100%,8,.666,0,0,3,0,0,3,1,2,1,1,1,1,3.7,23,knehrre01
422,Matt Koch,32,COL,38.2,39,38,9,3,2,1,0,1,0%,7,6,13,3,23%,8,1.001,13,7,18,11,10,17,9,29,7,8,8,8,3.0,15,kochma01
423,Adam Kolarek*,34,TOT,6.0,5,5,0,0,0,0,0,0,,0,0,4,2,50%,,.682,1,2,2,0,0,5,2,3,2,1,3,1,3.6,17,kolarad01
424,Adam Kolarek*,34,LAD,1.1,1,1,0,0,0,0,0,0,,0,0,2,2,100%,3,.638,1,0,0,0,0,1,1,0,1,0,1,0,4.0,19,kolarad01
425,Adam Kolarek*,34,NYM,4.2,4,4,0,0,0,0,0,0,,0,0,2,0,0%,7,.695,0,2,2,0,0,4,1,3,1,1,2,1,3.5,16,kolarad01
426,Michael Kopech,27,CHW,129.1,30,3,2,0,0,0,0,0,,0,0,0,0,,9,.920,0,0,3,0,0,3,0,3,0,1,0,0,2.7,27,kopecmi01
427,Jackson Kowar,26,KCR,28.0,23,23,8,2,0,0,0,0,,0,0,9,6,67%,8,.326,2,3,18,2,0,21,6,17,8,4,8,2,3.7,25,kowarja01
428,Joey Krehbiel,30,BAL,5.0,6,6,4,1,0,0,0,0,,0,0,3,0,0%,9,.336,1,0,5,2,1,3,2,4,1,2,2,1,2.5,13,krehbjo01
429,Brooks Kriske,29,KCR,6.2,4,4,2,0,0,0,0,0,,0,0,7,1,14%,9,.169,0,0,4,0,0,4,3,1,3,0,3,0,5.0,23,kriskbr01
430,Matt Krook*,28,NYY,4.0,4,4,1,0,0,0,0,0,,0,0,4,4,100%,9,.128,0,0,4,0,0,4,2,2,2,1,2,0,3.0,27,krookma01
431,Chad Kuhl,30,WSN,38.1,16,11,5,0,2,2,1,1,50%,2,0,8,3,38%,8,1.003,4,1,6,2,1,8,4,7,6,0,7,1,4.5,28,kuhlch01
432,Joel Kuhnel,28,TOT,13.0,9,9,6,0,0,0,0,0,,0,0,5,2,40%,,.223,0,0,9,2,0,7,3,6,6,1,6,0,4.3,22,kuhnejo01
433,Joel Kuhnel,28,CIN,3.1,2,2,1,0,0,0,0,0,,0,0,4,2,50%,7,.146,0,0,2,0,0,2,2,0,2,0,2,0,5.0,29,kuhnejo01
434,Joel Kuhnel,28,HOU,9.2,7,7,5,0,0,0,0,0,,0,0,1,0,0%,8,.255,0,0,7,2,0,5,1,6,4,1,4,0,4.1,20,kuhnejo01
435,Joe La Sorsa*,25,TOT,32.2,25,25,9,1,0,0,0,0,,2,2,11,2,18%,,.330,2,2,21,5,0,20,6,19,11,9,13,3,3.9,22,lasorjo01
436,Joe La Sorsa*,25,TBR,4.1,2,2,1,0,0,0,0,0,,0,0,0,0,,7,.833,0,1,1,1,0,1,0,2,2,0,2,0,6.5,46,lasorjo01
437,Joe La Sorsa*,25,WSN,28.1,23,23,8,1,0,0,0,0,,2,2,11,2,18%,8,.249,2,1,20,4,0,19,6,17,9,9,11,3,3.7,20,lasorjo01
438,Jake Lamb,32,LAA,1.0,1,1,1,0,0,0,0,0,,0,0,0,0,,9,.000,0,0,1,0,0,1,0,1,0,0,0,0,3.0,8,lambja01
439,Jimmy Lambert,28,CHW,37.2,35,34,10,2,3,1,1,0,100%,4,3,10,8,80%,6,.932,10,7,17,11,8,15,8,26,10,8,10,6,3.2,19,lambeji01
440,Peter Lambert,26,COL,87.1,25,14,1,1,1,0,0,0,,0,0,9,4,44%,5,.703,1,5,8,0,2,12,6,8,12,0,13,0,6.7,39,lambepe01
441,Dinelson Lamet,30,TOT,27.2,17,13,1,1,1,2,0,2,0%,3,0,3,3,100%,,.815,3,3,7,5,1,7,1,12,2,3,2,0,2.9,21,lametdi01
442,Dinelson Lamet,30,COL,25.2,16,12,1,1,1,2,0,2,0%,3,0,3,3,100%,7,.822,3,3,6,5,1,6,1,11,1,3,1,0,2.7,19,lametdi01
443,Dinelson Lamet,30,BOS,2.0,1,1,0,0,0,0,0,0,,0,0,0,0,,5,.727,0,0,1,0,0,1,0,1,1,0,1,0,6.0,40,lametdi01
444,Alex Lange,27,DET,66.0,67,67,45,7,5,32,26,6,81%,38,6,18,1,6%,9,1.937,41,10,16,45,12,10,16,51,7,10,9,17,3.0,17,langeal01
445,Jacob Latz*,27,TEX,6.1,3,3,2,0,0,0,0,0,,0,0,2,0,0%,7,.008,0,0,3,0,0,3,2,1,3,0,3,0,6.3,32,latzja01
446,Eric Lauer*,28,MIL,46.2,10,1,1,1,0,0,0,0,,0,0,0,0,,4,.768,0,0,1,1,0,0,0,1,1,0,1,0,16.0,87,lauerer01
447,Derek Law,32,CIN,55.0,54,51,13,4,5,4,2,2,50%,7,3,26,2,8%,8,.949,12,12,27,17,8,26,19,32,11,13,13,9,3.0,18,lawde01
448,Casey Lawrence,35,STL,27.1,15,15,7,1,0,0,0,0,,4,4,8,3,38%,6,.660,4,3,8,5,1,9,5,10,8,4,8,4,5.5,30,lawreca01
449,Justin Lawrence,28,COL,75.0,69,69,29,4,7,18,11,7,61%,29,11,43,9,21%,8,1.697,32,20,17,38,11,20,27,42,20,11,21,16,3.3,17,lawreju01
450,Kyle Leahy,26,STL,1.2,3,3,0,0,1,1,0,1,0%,1,0,0,0,,7,1.027,1,0,2,3,0,0,0,3,0,3,0,0,1.7,19,leahyky01
451,José Leclerc,29,TEX,57.0,57,57,24,0,2,9,4,5,44%,17,8,22,7,32%,9,1.054,16,10,31,35,6,16,12,45,12,14,16,6,3.0,17,leclejo01
452,Dylan Lee*,28,ATL,23.2,24,23,2,1,0,0,0,0,,6,6,7,0,0%,8,.988,6,7,10,13,4,6,7,16,3,9,4,4,2.7,16,leedy01
453,Casey Legumina,26,CIN,12.2,11,11,2,1,0,0,0,0,,1,1,8,3,38%,8,.381,2,1,8,3,1,7,4,7,4,4,5,0,3.5,21,legumca01
454,Mark Leiter Jr.,32,CHC,64.1,69,69,12,1,3,8,4,4,50%,36,28,31,13,42%,7,1.380,31,18,20,46,8,15,18,51,10,22,11,19,2.8,15,leitema02
455,Sandy León,34,TEX,1.0,1,1,1,0,0,0,0,0,,0,0,0,0,,9,.000,0,0,1,0,0,1,0,1,0,0,0,0,3.0,18,leonsa01
456,Dominic Leone,31,TOT,54.0,51,51,16,1,3,1,1,0,100%,4,3,29,10,34%,,.816,7,16,28,12,7,32,20,31,13,10,15,8,3.2,17,leonedo01
457,Dominic Leone,31,TOT,23.1,20,20,10,0,0,1,1,0,100%,2,1,9,5,56%,,.694,3,7,10,6,2,12,5,15,7,3,7,2,3.5,21,leonedo01
458,Dominic Leone,31,NYM,30.2,31,31,6,1,3,0,0,0,,2,2,20,5,25%,6,.920,4,9,18,6,5,20,15,16,6,7,8,6,3.0,15,leonedo01
459,Dominic Leone,31,LAA,13.0,11,11,3,0,0,1,1,0,100%,2,1,8,5,63%,6,1.062,3,5,3,3,2,6,4,7,4,2,4,2,3.5,22,leonedo01
460,Dominic Leone,31,SEA,10.1,9,9,7,0,0,0,0,0,,0,0,1,0,0%,8,.216,0,2,7,3,0,6,1,8,3,1,3,0,3.4,21,leonedo01
461,Josh Lester,28,BAL,1.0,1,1,1,0,0,0,0,0,,0,0,0,0,,9,.000,0,0,1,0,0,1,0,1,0,0,0,0,3.0,18,lestejo02
462,Matthew Liberatore*,23,STL,61.2,22,11,3,1,1,0,0,0,,3,2,5,1,20%,6,.930,2,4,5,5,2,4,4,7,6,2,6,3,3.5,19,liberma01
463,Jeff Lindgren,26,MIA,7.0,3,3,1,0,0,0,0,0,,0,0,0,0,,9,.186,0,0,3,1,0,2,0,3,1,0,1,0,7.0,34,lindgje01
464,Zack Littell,27,TOT,90.0,28,14,7,0,1,0,0,0,,0,0,5,1,20%,,.789,0,3,11,5,1,8,2,12,6,1,6,2,4.0,23,litteza01
465,Zack Littell,27,BOS,3.0,2,2,2,0,0,0,0,0,,0,0,0,0,,8,.086,0,0,2,0,0,2,0,2,1,0,1,0,4.5,31,litteza01
466,Zack Littell,27,TBR,87.0,26,12,5,0,1,0,0,0,,0,0,5,1,20%,8,.818,0,3,9,5,1,6,2,10,5,1,5,2,3.9,22,litteza01
467,Luke Little*,22,CHC,6.2,7,7,3,0,0,0,0,0,,0,0,9,4,44%,9,.442,2,0,5,2,1,4,4,3,2,3,2,1,2.9,19,littllu01
468,Ben Lively,31,CIN,88.2,19,7,0,1,1,0,0,0,,0,0,4,0,0%,3,.725,1,4,2,1,1,5,3,4,6,0,6,0,9.9,50,livelbe01
469,Mauricio Llovera,27,TOT,35.0,30,30,15,2,3,2,0,2,0%,2,0,10,6,60%,,.679,7,4,19,5,4,21,7,23,9,6,9,4,3.5,21,llovema01
470,Mauricio Llovera,27,SFG,5.1,5,5,3,1,0,1,0,1,0%,1,0,4,3,75%,8,.725,2,0,3,1,1,3,2,3,1,2,1,1,3.2,14,llovema01
471,Mauricio Llovera,27,BOS,29.2,25,25,12,1,3,1,0,1,0%,1,0,6,3,50%,6,.672,5,4,16,4,3,18,5,20,8,4,8,3,3.6,22,llovema01
472,Jonathan Loáisiga,28,NYY,17.2,17,17,4,0,2,0,0,0,,5,5,8,3,38%,8,1.101,7,3,7,10,5,2,8,9,5,3,5,3,3.1,14,loaisjo01
473,Zach Logue*,27,DET,11.0,3,3,2,0,0,0,0,0,,0,0,1,1,100%,6,.293,0,0,3,0,1,2,1,2,3,0,3,0,11.0,58,logueza01
474,Sam Long*,27,OAK,45.0,40,39,15,0,0,2,2,0,100%,7,5,35,14,40%,7,.703,10,9,20,9,5,25,20,19,13,11,17,8,3.4,19,longsa01
475,Jacob Lopez*,25,TBR,12.1,4,3,1,0,0,1,1,0,100%,1,0,0,0,,7,.368,0,0,3,2,0,1,0,3,2,0,2,0,7.0,35,lopezja04
476,Jorge López,30,TOT,59.0,61,61,15,6,2,7,3,4,43%,17,10,17,7,41%,,1.166,22,13,26,28,9,24,15,46,8,14,14,15,2.9,16,lopezjo02
477,Jorge López,30,TOT,47.1,49,49,13,4,2,7,3,4,43%,16,9,12,4,33%,,1.291,19,12,18,26,8,15,11,38,6,10,11,13,2.9,15,lopezjo02
478,Jorge López,30,MIN,35.1,37,37,12,4,2,7,3,4,43%,13,6,6,2,33%,8,1.422,18,5,14,20,6,11,7,30,3,5,5,10,2.9,15,lopezjo02
479,Jorge López,30,MIA,11.2,12,12,2,2,0,0,0,0,,1,1,5,3,60%,8,.743,3,1,8,2,1,9,4,8,2,4,3,2,2.9,21,lopezjo02
480,Jorge López,30,BAL,12.0,12,12,1,0,0,0,0,0,,3,3,6,2,33%,7,.886,1,7,4,6,2,4,4,8,3,5,6,3,3.0,15,lopezjo02
481,José Lopez*,24,TBR,2.0,1,1,0,0,0,0,0,0,,0,0,1,1,100%,6,.538,0,0,1,0,0,1,1,0,1,0,1,0,6.0,51,lopezjo04
482,Nicky Lopez,28,ATL,2.1,2,2,2,0,0,0,0,0,,0,0,0,0,,9,.000,0,0,2,1,0,1,0,2,1,0,1,0,3.5,21,lopezni01
483,Reynaldo López,29,TOT,66.0,68,68,16,3,7,12,6,6,50%,34,22,22,8,36%,,1.640,39,15,14,40,15,13,17,51,10,13,12,15,2.9,18,lopezre01
484,Reynaldo López,29,CHW,42.0,43,43,13,2,5,9,4,5,44%,19,10,17,6,35%,8,1.665,24,8,11,25,10,8,14,29,7,9,9,9,2.9,18,lopezre01
485,Reynaldo López,29,LAA,13.0,13,13,3,0,2,3,2,1,67%,7,4,3,2,67%,8,1.677,9,2,2,7,3,3,2,11,3,2,3,3,3.0,18,lopezre01
486,Reynaldo López,29,CLE,11.0,12,12,0,1,0,0,0,0,,8,8,2,0,0%,7,1.475,6,5,1,8,2,2,1,11,0,2,0,3,2.8,14,lopezre01
487,Michael Lorenzen,31,TOT,153.0,29,4,2,0,0,1,1,0,100%,1,0,0,0,,,.868,0,1,3,2,0,2,0,4,1,1,1,0,3.3,26,lorenmi01
488,Michael Lorenzen,31,PHI,47.1,11,4,2,0,0,1,1,0,100%,1,0,0,0,,9,.790,0,1,3,2,0,2,0,4,1,1,1,0,3.3,26,lorenmi01
489,Aaron Loup*,35,LAA,48.2,55,55,21,2,3,3,1,2,33%,12,9,17,8,47%,7,1.072,11,14,30,20,6,29,16,39,5,19,8,9,2.7,15,loupaa01
490,Richard Lovelady*,27,OAK,23.1,27,27,3,0,3,2,0,2,0%,6,4,15,2,13%,8,1.099,9,6,12,7,4,16,10,17,2,11,3,2,2.6,14,lovelri01
491,Easton Lucas*,26,OAK,6.2,6,6,1,0,0,0,0,0,,0,0,4,3,75%,8,.481,0,2,4,0,1,5,2,4,1,1,1,0,3.3,25,lucasea01
492,Lucas Luetge*,36,ATL,13.2,12,12,5,1,0,1,0,1,0%,1,0,1,1,100%,9,.664,0,4,8,3,1,8,1,11,3,2,4,1,3.4,24,luetglu01
493,Jordan Luplow,29,MIN,1.1,2,2,2,0,1,0,0,0,,0,0,0,0,,11,.799,1,0,1,0,1,1,1,1,0,1,0,0,2.0,7,luplojo01
494,Andrés Machado,30,WSN,50.0,44,44,8,4,1,2,0,2,0%,6,4,37,9,24%,6,.884,9,13,22,15,3,26,21,23,15,11,17,13,3.4,18,machaan02
495,Bligh Madris,27,HOU,1.0,1,1,1,0,0,0,0,0,,0,0,0,0,,9,.000,0,0,1,0,0,1,0,1,0,0,0,0,3.0,11,madribl01
496,Kenta Maeda,35,MIN,104.1,21,1,0,0,1,0,0,0,,0,0,0,0,,5,.937,0,1,0,0,0,1,0,1,1,0,1,0,10.0,62,maedake01
497,Luke Maile,32,CIN,4.1,4,4,4,0,0,0,0,0,,0,0,1,1,100%,9,.000,0,0,4,0,0,4,1,3,1,0,1,1,3.3,20,mailelu01
498,Martín Maldonado,36,HOU,1.0,1,1,1,0,0,0,0,0,,0,0,0,0,,9,.000,0,0,1,0,0,1,0,1,0,0,0,0,3.0,30,maldoma01
499,Sean Manaea*,31,SFG,117.2,37,27,2,4,3,2,1,1,50%,5,3,14,3,21%,5,.866,6,9,12,11,6,10,10,17,21,3,22,1,7.9,45,manaese01
500,Joe Mantiply*,32,ARI,39.0,35,32,9,2,1,0,0,0,,2,1,18,4,22%,9,.636,7,2,23,10,5,17,14,18,12,8,17,4,3.4,17,mantijo01
501,Ron Marinaccio,27,NYY,47.1,45,45,9,4,5,6,2,4,33%,13,7,36,10,28%,6,1.317,19,12,14,18,11,16,23,22,12,12,17,7,3.2,20,marinro01
502,Michael Mariot,34,CIN,2.2,1,1,0,0,0,0,0,0,,0,0,0,0,,5,.735,0,0,1,1,0,0,0,1,1,0,1,0,8.0,41,mariomi01
503,Alec Marsh,25,KCR,74.1,17,9,1,3,2,0,0,0,,0,0,4,0,0%,2,.980,1,7,1,5,3,1,2,7,8,0,8,0,13.0,74,marshal01
504,José Marte,27,LAA,9.1,10,10,0,0,0,1,0,1,0%,2,1,2,2,100%,7,.951,1,5,4,4,0,6,2,8,0,2,0,1,2.8,17,martejo01
505,Yunior Marte,28,PHI,39.1,40,40,8,1,1,4,2,2,50%,6,2,27,7,26%,8,.970,11,9,20,12,5,23,20,20,9,11,11,8,3.0,18,marteyu01
506,Chris Martin,37,BOS,51.1,55,55,12,4,1,4,3,1,75%,27,23,15,1,7%,8,1.645,30,12,13,36,11,8,10,45,0,7,0,7,2.8,13,martich02
507,Adrián Martinez,26,OAK,55.0,22,21,7,0,1,0,0,0,,0,0,12,6,50%,6,.487,3,4,14,1,3,17,7,14,17,1,17,0,7.5,43,martiad01
508,Justin Martinez,21,ARI,10.0,10,10,4,0,0,1,1,0,100%,1,0,5,2,40%,8,.613,0,1,9,5,0,5,3,7,4,4,4,1,3.0,24,martiju01
509,Nick Martinez,32,SDP,110.1,63,54,6,4,3,7,1,6,14%,22,15,19,8,42%,8,1.280,22,17,15,32,7,15,12,42,18,3,19,9,3.8,20,martini01
510,Seth Martinez,28,HOU,43.0,35,35,7,2,3,1,1,0,100%,3,2,17,0,0%,7,.982,6,9,20,9,7,19,13,22,11,2,12,4,3.7,22,martise01
511,Miles Mastrobuoni,27,CHC,0.1,1,1,1,0,0,0,0,0,,0,0,1,1,100%,8,.000,0,0,1,0,0,1,1,0,0,1,0,0,1.0,17,mastrmi01
512,Phil Maton,30,HOU,66.0,68,68,7,4,3,3,1,2,33%,13,10,38,20,53%,6,1.054,18,19,31,27,11,30,24,44,11,15,11,17,2.9,15,matonph01
513,Steven Matz*,32,STL,105.0,25,8,2,0,1,0,0,0,,0,0,3,1,33%,6,.917,1,2,5,0,2,6,4,4,5,0,6,0,6.0,35,matzst01
514,Trevor May,33,OAK,46.2,49,49,35,4,4,24,21,3,88%,25,1,12,2,17%,9,1.692,24,12,13,32,10,7,10,39,4,8,4,8,2.9,16,maytr01
515,Mike Mayers,31,KCR,26.1,6,4,0,1,2,0,0,0,,0,0,0,0,,3,1.018,0,3,1,1,2,1,0,4,4,0,4,0,12.5,74,mayermi01
516,Tim Mayza*,31,TOR,53.1,69,69,8,3,1,3,1,2,33%,25,22,53,13,25%,8,1.336,28,16,25,33,10,26,34,35,9,36,15,16,2.3,12,mayzati01
517,Zach McAllister,35,NYY,5.1,7,7,2,0,0,0,0,0,,2,2,7,2,29%,6,.901,3,0,4,2,1,4,4,3,0,3,3,2,2.3,18,mcallza01
518,James McArthur,26,KCR,23.1,18,16,6,1,0,4,4,0,100%,6,2,8,1,13%,8,.822,6,1,9,8,1,7,5,11,6,0,6,3,3.8,19,mcartja01
519,James McCann,33,BAL,1.0,1,1,1,0,0,0,0,0,,0,0,0,0,,8,.000,0,0,1,0,0,1,0,1,0,0,0,0,3.0,14,mccanja02
520,Darren McCaughan,27,SEA,5.0,3,3,3,0,0,0,0,0,,0,0,0,0,,9,.045,0,0,3,1,0,2,0,3,1,0,1,0,5.0,37,mccauda01
521,T.J. McFarland*,34,NYM,1.2,3,3,1,0,1,0,0,0,,0,0,0,0,,9,.475,1,0,2,0,1,2,0,3,0,2,0,1,1.7,17,mcfartj01
522,Scott McGough,33,ARI,70.1,63,62,24,2,7,14,9,5,64%,28,14,28,7,25%,7,1.356,25,15,22,36,8,18,23,39,22,19,25,10,3.3,19,mcgousc01
523,Collin McHugh,36,ATL,58.2,41,40,6,4,1,1,0,1,0%,8,7,34,10,29%,6,1.061,13,13,14,18,10,12,19,21,19,6,23,1,4.3,24,mchugco01
524,Ryan McKenna,26,BAL,1.0,1,1,1,0,0,0,0,0,,0,0,0,0,,9,.000,0,0,1,0,0,1,0,1,0,0,0,0,3.0,18,mckenry01
525,Zach McKinstry,28,DET,1.0,1,1,1,0,0,0,0,0,,0,0,0,0,,9,.000,0,0,1,0,0,1,0,1,0,0,0,0,3.0,22,mckinza01
526,John McMillon,25,KCR,4.0,4,4,3,0,0,0,0,0,,0,0,0,0,,8,.355,0,0,4,0,0,4,0,4,0,0,0,0,3.0,14,mcmiljo01
527,Nick Mears,26,COL,19.1,16,16,5,0,1,0,0,0,,1,1,2,1,50%,7,.653,2,3,11,4,1,11,1,15,6,1,6,1,3.6,23,mearsni01
528,Victor Mederos,22,LAA,3.0,3,3,2,0,0,0,0,0,,0,0,0,0,,8,.249,0,0,3,0,0,3,0,3,1,1,1,0,3.0,22,medervi01
529,Luis Medina,24,OAK,109.2,23,6,0,1,1,0,0,0,,0,0,4,3,75%,2,.980,1,3,2,1,3,2,2,4,6,0,6,0,13.7,80,medinlu02
530,Trevor Megill,29,MIL,34.2,31,29,9,1,0,1,0,1,0%,5,4,12,4,33%,8,.658,2,9,18,13,0,16,7,22,8,2,9,4,3.4,19,megiltr01
531,J.C. Mejía,26,MIL,11.1,9,9,6,1,0,1,0,1,0%,2,1,2,2,100%,9,.297,0,1,8,4,0,5,1,8,3,1,3,1,3.8,24,mejiaje02
532,Danny Mendick,29,NYM,2.0,2,2,2,0,0,0,0,0,,0,0,2,1,50%,8,.001,0,0,2,0,0,2,1,1,1,1,1,0,3.0,19,mendida01
533,Julian Merryweather,31,CHC,72.0,69,69,15,5,1,4,2,2,50%,21,17,18,4,22%,7,1.141,21,15,33,37,8,24,10,59,14,13,16,16,3.1,18,merryju01
534,Keynan Middleton,29,TOT,50.2,51,51,11,2,2,4,2,2,50%,9,5,15,4,27%,,.887,14,10,27,17,10,24,11,40,8,8,8,7,3.0,17,middlke01
535,Keynan Middleton,29,CHW,36.1,39,39,6,2,2,4,2,2,50%,9,5,9,3,33%,7,1.067,13,9,17,16,9,14,7,32,4,7,4,6,2.8,16,middlke01
536,Keynan Middleton,29,NYY,14.1,12,12,5,0,0,0,0,0,,0,0,6,1,17%,8,.387,1,1,10,1,1,10,4,8,4,1,4,1,3.6,18,middlke01
537,Brad Miller,33,TEX,2.0,1,1,1,0,0,0,0,0,,0,0,2,2,100%,8,.001,0,0,1,0,0,1,1,0,1,0,1,0,6.0,39,millebr02
538,Mason Miller,24,OAK,33.1,10,4,0,0,0,0,0,0,,1,1,0,0,,6,.749,0,1,3,1,0,3,0,4,4,0,4,0,6.8,42,millema03
539,Shelby Miller,32,LAD,42.0,36,35,12,3,0,1,1,0,100%,4,3,12,2,17%,8,.835,7,8,20,12,6,17,8,27,11,4,13,4,3.5,18,millesh01
540,Tyson Miller,27,TOT,15.1,10,10,6,1,0,0,0,0,,0,0,5,3,60%,,.307,0,2,8,3,0,7,2,8,6,2,7,0,4.6,22,millety01
541,Tyson Miller,27,MIL,9.1,7,7,6,0,0,0,0,0,,0,0,3,3,100%,8,.240,0,1,6,1,0,6,1,6,3,2,4,0,4.0,20,millety01
542,Tyson Miller,27,LAD,4.0,2,2,0,0,0,0,0,0,,0,0,2,0,0%,7,.089,0,0,2,1,0,1,1,1,2,0,2,0,6.0,26,millety01
543,Tyson Miller,27,NYM,2.0,1,1,0,1,0,0,0,0,,0,0,0,0,,4,1.058,0,1,0,1,0,0,0,1,1,0,1,0,6.0,31,millety01
544,Alec Mills,31,CIN,1.0,1,1,0,0,0,0,0,0,,0,0,0,0,,7,.111,0,0,1,0,0,1,0,1,0,0,0,0,3.0,40,millsal02
545,Hoby Milner*,32,MIL,64.1,73,73,6,2,1,3,0,3,0%,20,17,40,13,33%,7,.973,17,26,30,33,11,29,28,45,14,32,20,19,2.6,14,milneho01
546,A.J. Minter*,29,ATL,64.2,70,70,19,3,6,13,10,3,77%,34,21,18,5,28%,8,1.381,32,17,21,50,9,11,14,56,1,13,6,19,2.8,15,minteaj01
547,Anthony Misiewicz*,28,TOT,11.0,11,11,3,2,0,1,0,1,0%,2,1,4,1,25%,,1.083,3,1,7,4,2,5,5,6,3,4,4,1,3.0,22,misiean01
548,Anthony Misiewicz*,28,TOT,3.0,4,4,2,1,0,1,0,1,0%,2,1,2,1,50%,,2.445,3,0,1,2,1,1,3,1,0,2,0,0,2.3,23,misiean01
549,Anthony Misiewicz*,28,ARI,8.0,7,7,1,1,0,0,0,0,,0,0,2,0,0%,9,.421,0,1,6,2,1,4,2,5,3,2,4,1,3.4,21,misiean01
550,Anthony Misiewicz*,28,DET,0.1,1,1,1,0,0,0,0,0,,0,0,1,1,100%,8,.230,0,0,1,0,0,1,1,0,0,1,0,0,1.0,24,misiean01
551,Anthony Misiewicz*,28,NYY,2.2,3,3,1,1,0,1,0,1,0%,2,1,1,0,0%,13,3.297,3,0,0,2,1,0,2,1,0,1,0,0,2.7,23,misiean01
552,Carmen Mlodzinski,24,PIT,36.0,35,34,6,3,3,2,1,1,50%,13,10,19,7,37%,7,1.396,17,10,7,19,7,8,10,24,7,8,9,4,3.1,17,mlodzca01
553,Sam Moll*,31,TOT,62.1,70,69,13,2,3,4,1,3,25%,13,9,59,20,34%,,1.287,28,16,25,19,18,32,34,35,13,29,20,13,2.7,15,mollsa01
554,Sam Moll*,31,OAK,37.2,45,44,10,0,3,3,1,2,33%,9,6,36,12,33%,8,1.379,18,11,15,12,14,18,20,24,7,23,10,8,2.5,14,mollsa01
555,Sam Moll*,31,CIN,24.2,25,25,3,2,0,1,0,1,0%,4,3,23,8,35%,5,1.127,10,5,10,7,4,14,14,11,6,6,10,5,3.0,15,mollsa01
556,Frankie Montas,30,NYY,1.1,1,1,0,1,0,0,0,0,,0,0,0,0,,5,1.368,0,1,0,0,1,0,0,1,1,0,1,0,4.0,26,montafr02
557,Rafael Montero,32,HOU,67.1,68,68,21,3,3,6,1,5,17%,17,10,12,6,50%,8,.687,11,20,37,33,5,30,7,61,6,8,6,11,3.0,18,montera01
558,Matt Moore*,34,TOT,52.2,50,50,4,5,1,3,0,3,0%,25,22,6,0,0%,,1.696,27,16,7,31,16,3,5,45,8,6,8,6,3.2,17,moorema02
559,Matt Moore*,34,TOT,48.2,46,46,4,4,1,3,0,3,0%,24,21,4,0,0%,,1.693,24,15,7,29,14,3,4,42,8,6,8,5,3.2,17,moorema02
560,Matt Moore*,34,LAA,44.0,41,41,4,4,1,2,0,2,0%,22,20,4,0,0%,8,1.739,22,14,5,26,13,2,4,37,7,4,7,5,3.2,17,moorema02
561,Matt Moore*,34,CLE,4.2,5,5,0,0,0,1,0,1,0%,2,1,0,0,,7,1.374,2,1,2,3,1,1,0,5,1,2,1,0,2.8,19,moorema02
562,Matt Moore*,34,MIA,4.0,4,4,0,1,0,0,0,0,,1,1,2,0,0%,7,1.723,3,1,0,2,2,0,1,3,0,0,0,1,3.0,16,moorema02
563,McKinley Moore,24,PHI,3.1,3,3,0,0,0,0,0,0,,0,0,0,0,,6,.198,0,0,3,1,0,2,0,3,1,0,1,0,3.3,29,mooremc01
564,Jovani Morán*,26,MIN,42.1,43,43,11,2,2,1,0,1,0%,10,9,25,5,20%,7,1.018,14,8,21,23,6,14,16,27,11,16,13,9,3.0,17,moranjo01
565,Adrián Morejón*,24,SDP,9.0,8,7,1,0,0,0,0,0,,0,0,0,0,,8,.670,0,1,6,2,1,4,0,7,1,3,1,1,2.6,17,morejad01
566,Dauri Moreta,27,PIT,58.0,55,55,11,5,2,3,1,2,33%,9,5,33,8,24%,6,.861,17,8,30,17,9,29,25,30,17,15,20,10,3.2,17,moretda01
567,Eli Morgan,27,CLE,67.1,61,61,14,5,2,3,1,2,33%,11,8,20,2,10%,6,.908,12,18,31,21,7,33,14,47,18,8,20,3,3.3,20,morgael01
568,Reyes Moronta,30,LAA,1.1,2,2,0,0,0,0,0,0,,0,0,0,0,,7,1.312,1,0,1,1,1,0,0,2,0,2,0,0,2.0,24,moronre01
569,Cody Morris,26,CLE,8.0,6,6,1,0,0,0,0,0,,1,1,0,0,,8,.451,1,0,5,2,0,4,0,6,2,0,2,0,4.0,28,morrico01
570,Zach Muckenhirn*,28,NYM,6.0,3,3,1,0,0,0,0,0,,0,0,4,3,75%,4,.137,0,0,3,1,0,2,2,1,3,0,3,0,6.0,32,muckeza01
571,Kyle Muller*,25,OAK,77.0,21,8,1,0,0,1,0,1,0%,1,0,3,1,33%,5,.843,1,2,5,1,1,6,3,5,5,1,5,0,6.4,41,mulleky01
572,Andrés Muñoz,24,SEA,49.0,52,52,21,4,7,16,13,3,81%,30,14,13,2,15%,9,2.049,32,15,5,32,14,6,8,44,3,7,4,10,2.8,16,munozan01
573,Penn Murfee,29,SEA,14.0,16,16,3,1,2,1,0,1,0%,2,1,11,1,9%,5,1.155,3,5,8,3,1,12,9,7,2,6,4,4,2.6,14,murfepe01
574,Chris Murphy*,25,BOS,47.2,20,20,6,1,2,1,1,0,100%,1,0,5,1,20%,7,.628,2,9,9,2,3,15,4,16,14,4,14,1,7.2,44,murphch01
575,Parker Mushinski*,27,HOU,14.2,14,14,2,0,0,0,0,0,,1,1,4,2,50%,5,.469,1,5,8,5,1,8,3,11,4,2,4,1,3.1,18,mushipa01
576,James Naile,30,STL,15.1,10,10,6,0,0,0,0,0,,1,1,5,1,20%,7,.179,0,2,8,3,0,7,4,6,7,1,7,1,4.6,31,naileja01
577,Andrew Nardi*,24,MIA,57.1,63,63,10,8,1,4,3,1,75%,21,17,40,5,13%,8,1.378,29,18,16,27,15,21,24,39,8,19,14,14,2.7,15,nardian01
578,Packy Naughton*,27,STL,5.0,4,4,2,0,0,0,0,0,,0,0,1,0,0%,7,.126,0,0,4,1,0,3,1,3,1,1,1,1,3.8,17,naughpa01
579,Edgar Navarro,25,CHW,8.2,8,8,6,0,0,0,0,0,,0,0,2,0,0%,9,.162,0,1,7,0,0,8,1,7,1,1,1,1,3.3,19,navared01
580,Zach Neal,34,OAK,27.0,14,12,10,0,1,0,0,0,,0,0,9,6,67%,8,.495,1,0,11,1,1,10,3,9,6,2,6,2,4.3,24,nealza01
581,Kyle Nelson*,26,ARI,56.0,68,66,8,7,3,4,0,4,0%,15,11,39,16,41%,7,1.049,17,21,28,29,12,25,23,43,10,35,20,15,2.5,13,nelsoky01
582,Nick Nelson,27,PHI,5.1,1,1,0,1,0,0,0,0,,0,0,0,0,,2,1.250,0,1,0,0,1,0,0,1,1,0,1,0,16.0,69,nelsoni01
583,Ryne Nelson,25,ARI,144.0,29,2,1,1,0,0,0,0,,0,0,0,0,,9,.967,0,1,1,0,0,2,0,2,1,0,1,0,8.5,37,nelsory01
584,Héctor Neris,34,HOU,68.1,71,71,7,6,3,3,2,1,67%,34,31,23,7,30%,8,1.516,37,18,16,41,16,14,12,59,4,10,4,10,2.9,15,nerishe01
585,Sean Newcomb*,30,OAK,15.0,7,5,1,1,0,0,0,0,,1,0,1,1,100%,6,.765,0,2,3,3,0,2,1,4,3,0,3,0,4.8,28,newcose01
586,Kyle Nicolas,24,PIT,5.1,4,4,0,0,0,0,0,0,,1,1,0,0,,8,.465,1,1,2,1,1,2,0,4,2,1,2,0,4.0,28,nicolky01
587,Vinny Nittoli,32,NYM,3.2,3,3,3,0,0,0,0,0,,0,0,3,0,0%,8,.192,0,1,2,1,0,2,1,2,1,1,1,0,3.7,18,nittovi01
588,Stephen Nogosek,28,NYM,25.2,13,13,1,0,1,0,0,0,,0,0,10,2,20%,5,.548,1,5,7,3,2,8,6,7,9,1,10,0,5.9,38,nogosst01
589,Sean Nolin*,33,MIA,3.0,1,1,1,0,0,0,0,0,,0,0,0,0,,6,.020,0,0,1,0,0,1,0,1,1,0,1,0,9.0,62,nolinse01
590,Daniel Norris*,30,CLE,12.2,7,7,3,0,0,0,0,0,,0,0,6,1,17%,8,.540,0,4,3,1,0,6,2,5,7,0,7,0,5.4,37,norrida01
591,Steven Okert*,31,MIA,58.2,64,62,10,3,1,3,0,3,0%,15,12,34,11,32%,7,.895,15,18,29,28,7,27,21,41,9,21,12,11,2.8,16,okertst01
592,Adam Oller,28,OAK,19.2,9,8,2,1,1,0,0,0,,0,0,3,2,67%,8,.679,1,2,5,0,1,7,3,5,6,1,6,2,6.5,41,ollerad01
593,Reese Olson,23,DET,103.2,21,3,0,0,0,0,0,0,,1,1,0,0,,6,.874,0,3,0,1,2,0,0,3,3,0,3,0,12.0,55,olsonre01
594,Kaleb Ort,31,BOS,23.0,21,19,7,1,2,1,0,1,0%,2,1,4,3,75%,8,.821,4,3,12,9,2,8,4,15,2,5,2,4,2.9,17,ortka01
595,Oliver Ortega,26,MIN,14.2,10,10,1,0,1,0,0,0,,1,1,1,0,0%,8,.591,2,0,8,2,1,7,1,9,5,1,5,0,4.4,24,ortegol01
596,Luis Ortiz,27,PHI,19.0,14,14,10,0,0,1,1,0,100%,1,0,3,0,0%,8,.272,0,0,14,6,0,8,2,12,5,1,6,2,4.1,21,ortizlu02
597,Luis Ortiz,24,PIT,86.2,18,3,0,1,0,0,0,0,,0,0,0,0,,3,.963,0,2,1,0,2,1,0,3,3,0,3,0,13.7,84,ortizlu03
598,Adam Ottavino,37,NYM,61.2,66,66,36,1,7,15,12,3,80%,28,12,18,5,28%,9,1.424,27,15,24,38,13,15,12,54,4,13,5,14,2.8,16,ottavad01
599,Glenn Otto,27,TEX,10.2,6,6,2,0,0,0,0,0,,1,1,3,0,0%,9,.497,1,1,4,1,1,4,1,5,4,0,4,0,5.3,32,ottogl01
600,Chris Owings,31,PIT,1.0,1,1,1,0,0,0,0,0,,0,0,0,0,,8,.000,0,0,1,0,0,1,0,1,0,0,0,0,3.0,9,owingch01
601,Chris Paddack,27,MIN,5.0,2,3,0,1,0,0,0,0,,0,0,0,0,,2,.537,0,1,2,2,0,1,0,3,2,1,2,0,5.0,40,paddach01
602,Nicholas Padilla,26,CHW,4.2,3,3,0,0,1,0,0,0,,0,0,1,1,100%,7,.480,1,1,1,0,1,2,1,2,2,0,2,0,4.7,33,padilni01
603,Emilio Pagán,32,MIN,69.1,66,65,15,5,2,6,1,5,17%,15,8,23,8,35%,7,1.080,16,23,26,25,10,30,19,46,14,12,14,8,3.2,16,paganem01
604,Daniel Palencia,23,CHC,28.1,27,27,7,5,3,1,0,1,0%,3,2,6,2,33%,7,1.123,7,5,15,10,7,10,8,19,7,7,8,2,3.1,18,palenda01
605,Andre Pallante,24,STL,68.0,62,62,9,4,1,5,0,5,0%,19,14,43,19,44%,6,1.100,19,21,22,26,6,30,28,34,19,14,27,15,3.3,18,pallaan01
606,Thomas Pannone*,29,MIL,2.2,1,1,0,0,0,0,0,0,,1,1,0,0,,6,1.494,0,1,0,1,0,0,0,1,1,0,1,0,8.0,59,pannoth01
607,Luis Patiño,23,TOT,21.2,9,8,2,0,0,0,0,0,,0,0,1,0,0%,,.328,0,1,7,1,0,7,1,7,7,0,7,0,7.3,41,patinlu01
608,Luis Patiño,23,TBR,4.0,2,2,1,0,0,0,0,0,,0,0,0,0,,8,.316,0,0,2,1,0,1,0,2,2,0,2,0,6.0,39,patinlu01
609,Luis Patiño,23,CHW,17.2,7,6,1,0,0,0,0,0,,0,0,1,0,0%,6,.331,0,1,5,0,0,6,1,5,5,0,5,0,7.7,42,patinlu01
610,Spencer Patton,35,OAK,12.1,12,12,5,0,0,0,0,0,,3,3,4,2,50%,7,.637,1,5,6,5,1,6,3,9,2,6,2,3,3.1,17,pattosp01
611,Joel Payamps,29,MIL,70.2,69,69,10,7,5,6,3,3,50%,34,27,13,1,8%,8,1.532,38,21,10,39,23,7,10,59,6,7,6,11,3.1,16,payamjo01
612,Nate Pearson,26,TOR,42.2,35,35,8,5,2,3,1,2,33%,6,3,12,2,17%,7,.806,5,11,19,14,2,19,7,28,14,4,15,5,3.7,21,pearsna01
613,Elvis Peguero,26,MIL,61.1,59,59,7,4,5,6,1,5,17%,27,21,26,4,15%,7,1.369,26,20,13,34,14,11,19,40,12,12,13,15,3.1,15,pegueel01
614,Ryan Pepiot,25,LAD,42.0,8,5,0,0,0,0,0,0,,0,0,1,0,0%,2,.674,0,2,3,2,1,2,1,4,5,0,5,0,14.4,79,pepiory01
615,Sammy Peralta*,25,CHW,20.0,16,16,7,2,0,0,0,0,,0,0,11,7,64%,8,.538,3,0,13,1,1,14,6,10,5,6,6,2,3.8,24,peralsa01
616,Wandy Peralta*,31,NYY,54.0,63,63,11,4,2,7,4,3,57%,25,18,28,5,18%,8,1.471,29,17,17,32,16,15,22,41,8,24,13,14,2.6,14,peralwa01
617,Angel Perdomo*,29,PIT,29.0,30,30,8,3,2,0,0,0,,6,6,9,1,11%,7,1.046,7,12,11,6,6,18,10,20,7,11,10,3,2.9,16,perdoan01
618,Carlos Pérez,32,OAK,1.2,2,2,2,0,0,0,0,0,,0,0,3,3,100%,9,.000,0,0,2,0,0,2,1,1,0,1,0,0,2.5,21,perezca02
619,Cionel Pérez*,27,BAL,53.1,65,65,13,4,2,4,3,1,75%,15,11,40,12,30%,8,1.079,20,18,27,28,12,25,27,38,10,30,15,10,2.5,13,perezci01
620,Francisco Pérez*,25,OAK,16.2,17,16,8,1,1,1,0,1,0%,1,0,13,7,54%,8,.853,3,3,10,2,4,10,8,8,6,7,6,2,2.9,18,perezfr01
621,Hector Perez,27,TBR,0.1,1,1,0,0,0,0,0,0,,0,0,0,0,,7,.572,0,0,1,1,0,0,0,1,0,1,0,0,1.0,17,perezhe02
622,Martín Pérez*,32,TEX,141.2,35,15,3,2,0,0,0,0,,2,2,9,4,44%,6,.897,4,1,10,7,2,6,4,11,11,0,11,0,6.7,31,perezma02
623,David Peterson*,27,NYM,111.0,27,6,0,1,0,0,0,0,,1,1,2,0,0%,6,1.030,0,3,3,2,0,4,2,4,3,1,4,1,4.0,20,peterda01
624,Jace Peterson,33,OAK,2.0,2,2,2,0,0,0,0,0,,0,0,0,0,,8,.000,0,0,2,0,0,2,0,2,0,0,0,0,3.0,22,peterja01
625,Brandon Pfaadt,24,ARI,96.0,19,1,1,0,0,0,0,0,,0,0,0,0,,3,.895,0,1,0,0,0,1,0,1,1,0,1,0,18.0,78,pfaadbr01
626,Brett Phillips,29,LAA,0.1,1,1,1,0,0,0,0,0,,0,0,3,2,67%,9,.003,0,0,1,0,0,1,1,0,0,1,0,0,1.0,7,phillbr02
627,Evan Phillips,28,LAD,61.1,62,62,36,2,4,27,24,3,89%,33,6,21,2,10%,9,1.585,29,15,18,43,10,9,13,49,7,7,7,17,3.0,15,phillev01
628,Konnor Pilkington*,25,CLE,2.0,1,1,1,0,0,0,0,0,,0,0,0,0,,8,.091,0,0,1,0,0,1,0,1,1,0,1,0,6.0,40,pilkiko01
629,Riley Pint,25,COL,0.1,1,1,0,0,0,0,0,0,,0,0,0,0,,9,.196,0,0,1,1,0,0,0,1,0,1,0,0,1.0,20,pintri01
630,René Pinto,26,TBR,1.0,1,1,0,0,0,0,0,0,,0,0,0,0,,7,.000,0,0,1,0,0,1,0,1,0,0,0,0,3.0,26,pintore02
631,Nick Pivetta,30,BOS,142.2,38,22,3,5,3,2,1,1,50%,4,2,5,2,40%,7,.930,7,8,7,9,6,7,5,17,13,5,13,2,7.6,41,pivetni01
632,Colin Poche*,29,TBR,60.2,66,66,6,12,3,6,1,5,17%,29,22,26,13,50%,7,1.412,33,18,15,36,18,12,14,52,2,14,3,13,2.8,14,pocheco01
633,Zach Pop,26,TOR,13.2,15,15,2,1,1,0,0,0,,1,1,11,3,27%,8,.785,4,2,9,3,3,9,10,5,4,7,5,4,2.7,13,popza01
634,Ryan Pressly,34,HOU,65.1,65,65,56,4,5,37,31,6,84%,37,0,5,1,20%,9,1.719,36,10,19,51,9,5,2,63,2,2,2,15,3.0,16,pressry01
635,Quinn Priester,22,PIT,50.0,10,2,0,1,0,0,0,0,,0,0,0,0,,2,.873,0,1,1,1,0,1,0,2,2,0,2,0,15.0,77,priesqu01
636,Austin Pruitt,33,OAK,48.1,38,32,8,2,4,1,0,1,0%,5,4,21,8,38%,7,1.065,12,6,14,8,5,19,13,19,12,10,14,6,3.6,18,pruitau01
637,A.J. Puk*,28,MIA,56.2,58,58,31,7,5,24,15,9,63%,27,2,19,5,26%,9,1.710,34,8,16,34,11,13,13,45,7,13,8,16,2.9,16,pukaj01
638,Johan Quezada,28,MIA,0.2,1,1,0,0,0,0,0,0,,0,0,0,0,,8,.395,0,0,1,0,0,1,0,1,0,1,0,0,2.0,32,quezajo01
639,José Quijada*,27,LAA,9.0,10,10,4,0,1,5,4,1,80%,10,5,0,0,,9,2.028,5,5,0,10,0,0,0,10,0,2,0,3,2.7,16,quijajo01
640,Cole Ragans*,25,TOT,96.0,29,17,1,2,3,0,0,0,,3,3,9,3,33%,,1.017,4,5,8,10,2,5,9,8,8,5,10,0,4.3,24,raganco01
641,Cole Ragans*,25,TEX,24.1,17,17,1,2,3,0,0,0,,3,3,9,3,33%,8,.949,4,5,8,10,2,5,9,8,8,5,10,0,4.3,24,raganco01
642,Tanner Rainey,30,WSN,1.0,1,1,1,0,0,0,0,0,,0,0,0,0,,8,.427,0,0,1,0,0,1,0,1,0,0,0,0,3.0,18,raineta01
643,Brooks Raley*,35,NYM,54.2,66,66,11,1,2,6,3,3,50%,32,25,27,11,41%,7,1.331,28,21,17,40,10,16,18,48,5,27,11,15,2.5,15,raleybr01
644,Luke Raley,28,TBR,2.2,2,2,1,0,0,0,0,0,,0,0,0,0,,9,.001,0,0,2,1,0,1,0,2,1,0,1,0,4.0,21,raleylu01
645,Erasmo Ramírez,33,TOT,60.1,38,36,10,3,3,2,0,2,0%,4,2,18,10,56%,,.772,4,13,19,11,3,22,11,25,15,5,17,2,4.5,24,ramirer02
646,Erasmo Ramírez,33,WSN,27.0,23,23,5,2,3,1,0,1,0%,3,2,16,9,56%,7,.998,3,11,9,8,1,14,8,15,6,4,8,1,3.5,18,ramirer02
647,Erasmo Ramírez,33,TBR,33.1,15,13,5,1,0,1,0,1,0%,1,0,2,1,50%,9,.579,1,2,10,3,2,8,3,10,9,1,9,1,6.2,34,ramirer02
648,Nick Ramirez*,33,NYY,40.2,32,32,12,1,2,2,1,1,50%,4,2,17,10,59%,6,.659,6,8,18,8,4,20,12,20,16,8,18,2,3.8,21,ramirni01
649,Yohan Ramírez,28,TOT,38.1,31,31,10,1,0,1,0,1,0%,4,3,22,8,36%,,.534,6,5,20,9,2,20,12,19,12,7,12,6,3.7,23,ramiryo01
650,Yohan Ramírez,28,PIT,34.1,26,26,9,1,0,1,0,1,0%,4,3,17,5,29%,8,.463,4,3,19,9,0,17,10,16,12,5,12,5,4.0,23,ramiryo01
651,Yohan Ramírez,28,CHW,4.0,5,5,1,0,0,0,0,0,,0,0,5,3,60%,6,1.057,2,2,1,0,2,3,2,3,0,2,0,1,2.4,21,ramiryo01
652,Lane Ramsey,26,CHW,20.0,21,21,7,1,0,0,0,0,,3,3,7,2,29%,8,.662,1,9,11,6,1,14,5,16,3,5,3,3,2.9,16,ramsela02
653,Colin Rea,32,MIL,124.2,26,4,1,1,1,0,0,0,,0,0,1,1,100%,2,.891,0,1,3,0,1,3,1,3,2,1,2,0,8.3,48,reaco01
654,Jake Reed,30,LAD,0.2,1,1,0,0,0,0,0,0,,0,0,1,0,0%,4,.120,0,0,1,0,0,1,1,0,0,1,1,0,2.0,29,reedja02
655,Sean Reid-Foley,27,NYM,7.2,8,8,1,0,1,0,0,0,,3,3,6,4,67%,6,1.166,2,3,3,4,1,3,4,4,1,2,1,0,2.9,21,reidfse01
656,Denyi Reyes,26,NYM,19.2,9,6,1,0,0,0,0,0,,1,1,3,0,0%,6,.855,1,2,3,2,0,4,3,3,4,1,4,0,4.3,23,reyesde02
657,Gerardo Reyes,30,LAA,9.2,8,8,1,0,0,0,0,0,,0,0,0,0,,7,.486,0,2,6,1,0,7,0,8,2,0,2,0,3.6,27,reyesge01
658,Pablo Reyes,29,BOS,2.0,2,2,2,0,0,0,0,0,,0,0,0,0,,9,.001,0,0,2,0,0,2,0,2,0,0,0,0,3.0,22,reyespa01
659,Trevor Richards,30,TOR,72.2,56,53,6,2,0,2,0,2,0%,13,11,15,1,7%,6,.884,13,13,27,24,6,23,11,42,21,11,23,9,3.6,23,richatr01
660,Yacksel Ríos,30,OAK,1.2,3,3,2,0,0,0,0,0,,0,0,2,2,100%,8,.238,0,0,3,0,0,3,1,2,0,2,0,0,1.7,21,riosya01
661,David Robertson,38,TOT,65.1,62,62,36,6,6,24,18,6,75%,35,10,13,4,31%,,2.124,39,12,11,42,15,5,12,50,8,4,8,12,3.2,17,roberda08
662,David Robertson,38,NYM,44.0,40,40,26,4,2,17,14,3,82%,25,7,11,3,27%,9,2.244,26,6,8,29,7,4,9,31,8,2,8,8,3.3,17,roberda08
663,David Robertson,38,MIA,21.1,22,22,10,2,4,7,4,3,57%,10,3,2,1,50%,9,1.911,13,6,3,13,8,1,3,19,0,2,0,4,2.9,18,roberda08
664,Nick Robertson,24,TOT,22.1,18,17,6,0,1,1,0,1,0%,2,1,6,6,100%,,.604,3,4,10,5,3,9,5,12,5,1,5,2,3.8,22,roberni01
665,Nick Robertson,24,LAD,10.1,9,9,2,0,1,1,0,1,0%,2,1,4,4,100%,7,.558,2,3,4,3,2,4,3,6,3,1,3,1,3.4,22,roberni01
666,Nick Robertson,24,BOS,12.0,9,8,4,0,0,0,0,0,,0,0,2,2,100%,9,.646,1,1,6,2,1,5,2,6,2,0,2,1,4.1,23,roberni01
667,Dereck Rodríguez,31,TOT,5.1,4,4,3,0,0,0,0,0,,0,0,4,0,0%,,.064,0,0,4,1,0,3,2,2,2,2,2,0,4.0,24,rodride01
668,Dereck Rodríguez,31,MIN,0.2,1,1,1,0,0,0,0,0,,0,0,0,0,,9,.190,0,0,1,0,0,1,0,1,0,1,0,0,2.0,10,rodride01
669,Dereck Rodríguez,31,ATL,4.2,3,3,2,0,0,0,0,0,,0,0,4,0,0%,9,.045,0,0,3,1,0,2,2,1,2,1,2,0,4.7,29,rodride01
670,Elvin Rodríguez,25,TBR,3.1,1,1,1,0,0,0,0,0,,0,0,1,0,0%,6,.668,0,1,0,0,0,1,1,0,1,0,1,0,10.0,47,rodriel02
671,Joely Rodríguez*,31,BOS,11.0,11,11,1,0,0,0,0,0,,0,0,4,0,0%,7,.452,1,1,9,3,1,7,2,9,1,2,2,1,3.0,20,rodrijo06
672,José Rodríguez,27,SEA,3.0,1,1,1,0,0,0,0,0,,0,0,0,0,,6,.177,0,0,1,0,0,1,0,1,1,0,1,0,9.0,48,rodrijo07
673,Yerry Rodríguez,25,TEX,13.2,13,12,8,0,0,1,0,1,0%,1,0,2,2,100%,9,.350,1,0,11,5,0,7,1,11,2,3,2,3,2.9,20,rodriye01
674,Taylor Rogers*,32,SFG,51.2,60,60,12,6,4,2,2,0,100%,14,12,23,6,26%,8,1.244,20,19,21,19,15,26,20,40,6,22,9,11,2.6,14,rogerta01
675,Tyler Rogers,32,SFG,74.0,68,68,8,4,5,9,2,7,22%,39,30,11,2,18%,8,1.558,35,24,9,44,16,8,8,60,14,12,16,17,3.3,17,rogerty01
676,Josh Rojas,29,ARI,2.0,2,2,2,0,0,0,0,0,,0,0,0,0,,9,.000,0,0,2,0,0,2,0,2,0,0,0,0,3.0,18,rojasjo01
677,Miguel Rojas,34,LAD,3.0,3,3,3,0,0,0,0,0,,0,0,0,0,,9,.000,0,0,3,0,0,3,0,3,0,0,0,0,3.0,12,rojasmi02
678,Jordan Romano,30,TOR,59.0,59,59,49,5,7,40,36,4,90%,42,2,18,2,11%,9,2.460,39,16,4,45,13,1,16,43,8,8,9,12,3.0,16,romanjo03
679,JoJo Romero*,26,STL,36.2,27,27,13,4,2,5,3,2,60%,9,3,23,8,35%,9,1.516,11,7,9,15,5,7,12,15,16,1,19,3,4.1,20,romerjo01
680,Kenny Rosenberg*,27,LAA,33.0,7,4,1,0,1,0,0,0,,0,0,0,0,,3,.759,0,2,2,0,1,3,0,4,4,0,4,0,12.8,70,rosenke01
681,Michael Rucker,29,CHC,40.1,35,35,12,2,1,0,0,0,,0,0,24,6,25%,9,.345,4,2,29,9,3,23,14,21,12,9,13,4,3.5,21,ruckemi01
682,José Ruiz,28,TOT,44.1,38,37,14,2,1,2,0,2,0%,3,1,17,8,47%,,.666,7,4,26,10,5,22,11,26,14,5,17,5,3.5,21,ruizjo01
683,José Ruiz,28,CHW,3.2,4,4,1,0,0,0,0,0,,0,0,3,2,67%,9,.451,1,0,3,0,1,3,2,2,1,2,2,1,2.8,29,ruizjo01
684,José Ruiz,28,ARI,40.2,34,33,13,2,1,2,0,2,0%,3,1,14,6,43%,8,.695,6,4,23,10,4,19,9,24,13,3,15,4,3.5,21,ruizjo01
685,Ryder Ryan,28,SEA,1.0,1,1,0,0,0,0,0,0,,0,0,0,0,,8,.023,0,0,1,1,0,0,0,1,0,0,0,0,3.0,13,ryanry01
686,Andrew Saalfrank*,25,ARI,10.1,10,10,0,0,0,0,0,0,,3,3,4,1,25%,6,1.653,3,4,3,4,3,3,5,5,2,3,2,1,3.1,16,saalfan01
687,Eduardo Salazar,25,CIN,12.1,8,8,3,1,0,0,0,0,,0,0,0,0,,9,.146,0,0,8,3,0,5,0,8,4,1,4,0,4.6,30,salazed01
688,Cristopher Sánchez*,26,PHI,99.1,19,1,1,0,0,0,0,0,,0,0,0,0,,8,.885,0,0,1,0,0,1,0,1,0,0,0,0,3.0,9,sanchcr01
689,Nick Sandlin,26,CLE,60.0,61,61,7,5,5,1,0,1,0%,11,10,38,4,11%,6,1.134,18,22,21,22,13,26,23,38,13,17,20,7,3.0,17,sandlni01
690,Cole Sands,25,MIN,21.2,15,15,12,0,0,0,0,0,,0,0,8,1,13%,8,.236,0,1,14,5,1,9,3,12,9,3,9,0,4.3,27,sandsco01
691,Reiver Sanmartin*,27,CIN,14.0,14,14,3,1,0,0,0,0,,1,1,11,3,27%,7,.549,3,2,9,2,1,11,6,8,6,5,6,1,3.0,22,sanmare01
692,Dennis Santana,27,NYM,10.2,9,9,4,1,0,0,0,0,,2,2,1,0,0%,8,.260,0,2,7,5,0,4,1,8,2,2,2,2,3.6,25,santade01
693,Tony Santillan,26,CIN,3.1,3,3,1,1,0,0,0,0,,0,0,2,2,100%,9,1.582,2,0,1,0,2,1,1,2,1,0,1,1,3.3,20,santito01
694,Gregory Santos,23,CHW,66.1,60,60,17,2,2,9,5,4,56%,15,6,36,11,31%,8,1.257,20,22,18,20,8,32,24,36,19,11,22,12,3.3,18,santogr01
695,Tayler Saucedo*,30,SEA,47.2,52,52,17,3,2,2,1,1,50%,5,3,17,8,47%,9,.799,12,2,38,19,6,27,14,38,7,20,9,7,2.8,15,sauceta01
696,Josh Sborz,29,TEX,52.1,44,44,7,6,7,4,0,4,0%,18,14,29,6,21%,7,1.257,24,8,12,27,8,9,17,27,17,7,21,6,3.6,19,sborzjo01
697,Clarke Schmidt,27,NYY,159.0,33,1,1,0,0,0,0,0,,0,0,2,0,0%,9,.983,0,0,1,0,0,1,1,0,0,1,0,0,2.0,9,schmicl01
698,Jesse Scholtens,29,CHW,85.0,26,15,8,1,3,1,1,0,100%,2,1,5,0,0%,6,.892,4,3,8,3,3,9,6,9,8,3,8,1,6.3,33,scholje01
699,Jonathan Schoop,31,DET,1.1,1,1,1,0,0,0,0,0,,0,0,2,0,0%,7,.000,0,0,1,0,0,1,1,0,1,0,1,0,4.0,17,schoojo01
700,John Schreiber,29,BOS,46.2,46,44,6,2,1,3,1,2,33%,14,10,14,7,50%,7,1.157,12,14,18,20,5,19,10,34,6,8,7,14,3.0,18,schrejo01
701,Tanner Scott*,28,MIA,78.0,74,74,26,9,5,16,12,4,75%,40,24,22,3,14%,8,1.830,48,13,13,47,19,8,17,57,13,7,16,21,3.2,16,scottta01
702,Tayler Scott,31,TOT,17.2,18,16,3,0,0,2,0,2,0%,2,0,9,6,67%,,.777,3,3,10,7,0,9,6,10,4,7,5,3,2.9,20,scottta02
703,Tayler Scott,31,TOT,11.2,12,10,2,0,0,1,0,1,0%,1,0,7,4,57%,,.681,2,1,7,4,0,6,5,5,2,3,3,2,2.9,20,scottta02
704,Tayler Scott,31,LAD,6.0,6,6,1,0,0,1,0,1,0%,1,0,2,2,100%,8,.964,1,2,3,3,0,3,1,5,2,4,2,1,3.0,19,scottta02
705,Tayler Scott,31,BOS,3.2,4,3,1,0,0,0,0,0,,0,0,0,0,,9,.332,0,0,3,1,0,2,0,3,0,1,0,1,2.7,21,scottta02
706,Tayler Scott,31,OAK,8.0,8,7,1,0,0,1,0,1,0%,1,0,7,4,57%,8,.864,2,1,4,3,0,4,5,2,2,2,3,1,3.0,20,scottta02
707,Connor Seabold,27,COL,87.1,27,14,7,0,0,0,0,0,,0,0,8,3,38%,9,.740,0,2,12,1,2,11,4,10,10,2,10,1,6.1,38,seaboco01
708,Colin Selby,25,PIT,24.0,21,16,3,2,2,3,0,3,0%,6,3,5,2,40%,7,1.091,5,5,6,7,4,5,5,11,5,4,6,2,3.0,20,selbyco01
709,Luis Severino,29,NYY,89.1,19,1,0,0,1,0,0,0,,0,0,0,0,,2,.862,0,1,0,0,1,0,0,1,1,0,1,0,6.0,48,severlu01
710,Paul Sewald,33,TOT,60.2,65,65,47,3,2,39,34,5,87%,39,0,8,2,25%,,1.852,34,17,14,48,12,5,7,58,1,9,1,16,2.8,16,sewalpa01
711,Paul Sewald,33,SEA,43.0,45,45,31,3,1,24,21,3,88%,24,0,6,2,33%,9,1.554,23,12,10,31,10,4,4,41,1,5,1,11,2.9,15,sewalpa01
712,Paul Sewald,33,ARI,17.2,20,20,16,0,1,15,13,2,87%,15,0,2,0,0%,9,2.480,11,5,4,17,2,1,3,17,0,4,0,5,2.7,17,sewalpa01
713,Bryan Shaw,35,CHW,45.2,38,38,17,0,0,5,4,1,80%,9,4,22,8,36%,8,.771,13,2,23,16,4,18,15,23,14,8,17,13,3.6,20,shawbr01
714,Emmet Sheehan,23,LAD,60.1,13,2,1,0,0,1,1,0,100%,1,0,0,0,,6,.955,0,2,0,1,1,0,0,2,2,0,2,0,10.5,48,sheehem01
715,Ryan Sherriff*,33,BOS,6.2,5,5,1,0,0,0,0,0,,1,1,4,0,0%,5,.972,1,1,3,2,1,2,2,3,2,1,3,2,4.0,21,sherrry01
716,Zack Short,28,DET,6.0,6,6,6,0,0,0,0,0,,0,0,0,0,,9,.000,0,0,6,0,0,6,0,6,0,0,0,0,3.0,17,shortza01
717,Chasen Shreve*,32,TOT,44.2,50,50,10,1,2,5,0,5,0%,17,12,15,6,40%,,.959,10,13,27,23,3,24,11,39,6,16,10,5,2.7,15,shrevch01
718,Chasen Shreve*,32,DET,41.1,47,47,10,1,2,5,0,5,0%,17,12,14,6,43%,7,.985,10,12,25,22,3,22,10,37,5,16,7,5,2.6,15,shrevch01
719,Chasen Shreve*,32,CIN,3.1,3,3,0,0,0,0,0,0,,0,0,1,0,0%,5,.601,0,1,2,1,0,2,1,2,1,0,3,0,3.3,18,shrevch01
720,Chase Silseth,23,LAA,52.1,16,8,3,1,0,1,0,1,0%,2,1,0,0,,7,.866,2,2,4,3,1,4,0,8,6,0,7,0,5.8,35,silsech01
721,Lucas Sims,29,CIN,61.0,67,67,5,7,3,8,3,5,38%,33,23,55,15,27%,8,1.784,42,18,7,38,19,10,34,33,10,20,15,11,2.7,16,simslu01
722,Ethan Small*,26,MIL,4.0,2,2,1,0,0,1,1,0,100%,1,0,0,0,,9,.135,0,1,1,1,0,1,0,2,1,0,1,0,6.0,47,smallet01
723,Devin Smeltzer*,27,MIA,22.1,9,8,5,0,1,0,0,0,,0,0,3,2,67%,8,.351,1,0,7,0,1,7,3,5,5,0,5,1,6.9,37,smeltde01
724,Chad Smith,28,OAK,13.2,10,10,5,1,2,0,0,0,,1,0,5,2,40%,8,.601,3,2,5,1,3,6,4,6,6,2,7,1,4.1,25,smithch12
725,Drew Smith,29,NYM,56.1,62,63,16,4,6,5,3,2,60%,18,12,23,5,22%,8,1.042,22,17,24,30,8,25,18,45,4,15,6,9,2.7,17,smithdr01
726,Will Smith*,33,TEX,57.1,60,60,41,2,7,27,22,5,81%,35,8,27,2,7%,9,1.731,29,14,17,47,8,5,17,43,11,16,14,8,2.9,14,smithwi04
727,AJ Smith-Shawver,20,ATL,25.1,6,1,0,0,0,0,0,0,,0,0,0,0,,6,.959,0,0,1,0,0,1,0,1,1,0,1,0,7.0,39,smithaj01
728,Drew Smyly*,34,CHC,142.1,41,18,4,4,1,2,0,2,0%,3,1,4,0,0%,7,.926,3,5,10,5,2,11,4,14,6,1,6,2,4.8,25,smylydr01
729,Kirby Snead*,28,OAK,11.2,15,15,2,1,2,3,0,3,0%,10,7,8,4,50%,8,1.512,7,3,5,11,1,3,5,10,1,7,1,6,2.3,13,sneadki01
730,Collin Snider,27,KCR,20.1,20,19,2,0,0,2,1,1,50%,5,3,7,4,57%,7,.887,5,4,10,8,2,9,5,14,3,5,4,3,2.9,18,snideco01
731,Peter Solomon,26,ARI,13.1,5,5,2,0,0,0,0,0,,0,0,0,0,,4,.158,0,0,5,1,0,4,0,5,5,0,5,0,8.0,47,solompe01
732,George Soriano,24,MIA,52.0,26,25,4,0,0,2,1,1,50%,2,0,12,3,25%,7,.601,2,8,15,3,3,19,10,15,19,2,19,2,5.9,33,soriage01
733,José Soriano,24,LAA,42.0,38,38,6,1,3,1,0,1,0%,16,15,10,5,50%,7,1.343,11,21,6,18,7,13,7,31,8,6,8,1,3.3,18,soriajo02
734,Michael Soroka,25,ATL,32.1,7,1,0,0,0,0,0,0,,0,0,0,0,,5,.828,0,0,1,0,0,1,0,1,1,0,1,0,9.0,30,sorokmi01
735,Gregory Soto*,28,PHI,60.1,69,69,13,3,4,6,3,3,50%,30,24,28,5,18%,8,1.302,30,15,24,39,10,20,17,52,2,20,4,12,2.6,14,sotogr01
736,Bennett Sousa*,28,TOT,9.0,7,7,4,0,0,0,0,0,,0,0,6,0,0%,,.102,0,0,7,3,0,4,3,4,4,1,4,0,3.9,20,sousabe01
737,Bennett Sousa*,28,MIL,2.2,2,2,2,0,0,0,0,0,,0,0,1,0,0%,9,.020,0,0,2,2,0,0,1,1,1,0,1,0,4.0,28,sousabe01
738,Bennett Sousa*,28,HOU,6.1,5,5,2,0,0,0,0,0,,0,0,5,0,0%,8,.160,0,0,5,1,0,4,2,3,3,1,3,0,3.8,17,sousabe01
739,Alex Speas,25,TEX,2.0,3,3,1,0,2,1,0,1,0%,2,1,1,0,0%,7,2.453,3,0,0,2,1,0,1,2,1,2,1,0,2.0,22,speasal01
740,Gabe Speier*,28,SEA,54.2,69,69,8,2,2,1,1,0,100%,18,17,34,9,26%,7,1.132,16,27,26,27,12,30,23,46,7,35,9,18,2.4,11,speiega01
741,Carson Spiers,25,CIN,13.0,4,2,1,0,0,1,1,0,100%,1,0,0,0,,7,.861,0,1,1,1,0,1,0,2,2,0,2,0,9.0,64,spierca01
742,Jacob Stallings,33,MIA,8.0,7,7,7,0,0,0,0,0,,0,0,0,0,,9,.000,0,0,7,2,0,5,0,7,1,0,1,0,3.4,13,stallja01
743,Ryne Stanek,31,HOU,50.2,55,55,15,3,1,1,0,1,0%,4,3,18,4,22%,7,.749,13,7,35,21,7,27,11,44,4,10,4,10,2.8,16,stanery01
744,Josh Staumont,29,KCR,20.0,21,20,5,0,0,0,0,0,,1,1,5,3,60%,7,.370,0,3,17,3,0,17,3,17,1,3,2,4,2.9,17,staumjo01
745,Trevor Stephan,27,CLE,68.2,71,71,11,7,7,10,2,8,20%,40,28,14,5,36%,8,1.760,38,21,12,49,16,6,14,57,4,9,5,11,2.9,16,stephtr01
746,Jackson Stephens,29,ATL,12.0,5,5,2,0,0,0,0,0,,0,0,3,1,33%,4,.489,0,0,5,1,0,4,2,3,4,0,4,0,7.2,45,stephja01
747,Robert Stephenson,30,TOT,52.1,60,60,15,3,4,6,1,5,17%,21,15,25,6,24%,,1.287,26,14,20,31,12,17,16,44,0,16,0,14,2.6,13,stephro01
748,Robert Stephenson,30,PIT,14.0,18,18,5,0,3,1,0,1,0%,7,6,13,3,23%,7,1.621,9,3,6,9,3,6,7,11,0,9,0,5,2.3,13,stephro01
749,Robert Stephenson,30,TBR,38.1,42,42,10,3,1,5,1,4,20%,14,9,12,3,25%,7,1.141,17,11,14,22,9,11,9,33,0,7,0,9,2.7,13,stephro01
750,Brock Stewart,31,MIN,27.2,28,28,5,2,0,3,1,2,33%,11,8,19,6,32%,7,1.651,10,7,11,18,5,5,11,17,5,7,6,5,3.0,16,stewabr01
751,Gavin Stone,24,LAD,31.0,8,4,1,1,1,2,1,1,50%,2,0,1,0,0%,2,1.030,0,3,1,2,2,0,1,3,4,0,4,0,11.8,67,stonega01
752,Levi Stoudt,25,CIN,10.1,4,2,0,0,0,0,0,0,,0,0,1,0,0%,9,.832,0,1,1,1,1,0,1,1,1,1,1,0,5.0,35,stoudle01
753,Matt Strahm*,31,PHI,87.2,56,46,6,7,2,5,2,3,40%,16,11,23,8,35%,7,1.074,18,14,14,22,8,16,18,28,15,8,17,5,3.5,19,strahma01
754,Chris Stratton,32,TOT,82.2,64,64,23,2,1,3,1,2,33%,12,8,51,17,33%,,.908,18,13,33,24,11,29,31,33,36,11,37,10,3.9,21,stratch01
755,Chris Stratton,32,STL,53.2,42,42,19,1,1,2,1,1,50%,6,4,27,7,26%,8,.919,12,8,22,12,9,21,16,26,22,6,23,7,3.8,21,stratch01
756,Chris Stratton,32,TEX,29.0,22,22,4,1,0,1,0,1,0%,6,4,24,10,42%,6,.887,6,5,11,12,2,8,15,7,14,5,14,3,4.0,22,stratch01
757,Hunter Stratton,26,PIT,12.0,8,8,3,0,0,1,0,1,0%,1,0,3,1,33%,8,.632,2,2,4,2,2,4,2,6,4,1,4,0,4.5,22,strathu01
758,Ross Stripling,33,SFG,89.0,22,11,5,0,1,0,0,0,,0,0,4,1,25%,6,.712,1,3,7,2,2,7,2,9,11,0,11,0,10.8,62,stripro01
759,Marcus Stroman,32,CHC,136.2,27,2,1,0,0,1,0,1,0%,1,0,0,0,,10,1.068,1,0,1,1,0,1,1,1,1,0,1,1,4.5,22,stromma01
760,Peter Strzelecki,28,TOT,37.0,37,37,5,3,5,1,0,1,0%,15,14,5,1,20%,,1.320,14,12,11,21,9,7,5,32,6,6,8,7,3.0,18,strzepe01
761,Peter Strzelecki,28,MIL,35.2,36,36,5,3,5,1,0,1,0%,15,14,5,1,20%,8,1.376,14,12,10,20,9,7,5,31,5,6,7,7,3.0,17,strzepe01
762,Peter Strzelecki,28,ARI,1.1,1,1,0,0,0,0,0,0,,0,0,0,0,,7,.081,0,0,1,1,0,0,0,1,1,0,1,0,4.0,34,strzepe01
763,Andrew Suárez*,30,STL,27.2,13,13,6,0,0,0,0,0,,0,0,0,0,,7,.114,0,0,13,1,0,12,0,13,9,2,11,4,6.4,40,suarean01
764,José Suarez*,25,LAA,33.2,11,4,0,0,1,0,0,0,,1,1,2,0,0%,4,.939,1,1,2,3,0,1,1,3,3,0,3,0,5.8,29,suarejo01
765,Robert Suarez,32,SDP,27.2,26,27,5,4,3,3,0,3,0%,12,8,8,0,0%,8,1.714,16,4,7,15,7,5,6,21,4,2,4,6,3.1,17,suarero01
766,Wander Suero,31,LAD,8.0,5,5,3,1,0,0,0,0,,0,0,1,1,100%,8,.314,0,1,4,2,0,3,1,4,4,0,4,0,4.8,32,suerowa01
767,Cole Sulser,33,ARI,5.1,4,4,1,0,0,0,0,0,,0,0,2,1,50%,6,.422,0,2,2,0,0,4,1,3,2,0,3,0,4.0,21,sulseco01
768,Brent Suter*,33,COL,69.1,57,55,12,4,3,3,0,3,0%,11,7,27,12,44%,7,1.017,16,18,21,20,10,25,16,39,22,9,23,4,3.6,20,suterbr01
769,Erik Swanson,29,TOR,66.2,69,69,13,4,2,6,4,2,67%,35,29,25,7,28%,8,1.589,30,17,22,42,13,14,13,56,6,9,9,17,2.9,15,swanser01
770,Devin Sweet,26,TOT,8.2,7,7,3,1,0,0,0,0,,0,0,0,0,,,.331,0,1,6,0,1,6,0,7,2,0,2,0,3.7,24,sweetde01
771,Devin Sweet,26,SEA,2.0,2,2,2,0,0,0,0,0,,0,0,0,0,,9,.339,0,0,2,0,0,2,0,2,0,0,0,0,3.0,19,sweetde01
772,Devin Sweet,26,OAK,6.2,5,5,1,1,0,0,0,0,,0,0,0,0,,8,.329,0,1,4,0,1,4,0,5,2,0,2,0,4.0,26,sweetde01
773,Jameson Taillon,31,CHC,154.1,30,1,1,0,0,1,1,0,100%,1,0,0,0,,6,.912,0,1,0,1,0,0,0,1,1,0,1,0,12.0,53,taillja01
774,Domingo Tapia,31,SDP,17.2,15,15,6,0,1,1,1,0,100%,2,1,3,0,0%,8,.463,3,2,10,5,1,9,2,13,4,2,5,2,3.5,21,tapiado01
775,Freddy Tarnok,24,OAK,14.2,5,4,1,1,1,0,0,0,,0,0,1,0,0%,7,.906,1,2,1,0,1,3,1,3,4,0,4,0,9.0,60,tarnofr01
776,Josh Taylor*,30,KCR,17.2,17,16,4,1,2,2,0,2,0%,2,0,4,3,75%,8,.763,2,3,11,2,2,12,3,13,3,3,4,2,3.1,20,taylojo02
777,Julio Teheran,32,MIL,71.2,14,3,1,1,0,0,0,0,,0,0,0,0,,8,.788,0,1,2,2,0,1,0,3,3,0,3,0,9.0,47,teherju01
778,Rowdy Tellez*,28,MIL,1.0,1,1,1,0,0,0,0,0,,0,0,0,0,,9,.000,0,0,1,1,0,0,0,1,0,0,0,0,3.0,13,tellero01
779,Ryan Tepera,35,TOT,10.2,12,12,2,2,2,2,0,2,0%,6,4,8,3,38%,,1.393,7,3,2,7,2,3,6,6,2,6,3,1,2.7,19,teperry01
780,Ryan Tepera,35,LAA,8.2,10,10,2,2,2,2,0,2,0%,4,2,7,3,43%,8,1.477,6,2,2,5,2,3,5,5,1,5,2,1,2.6,19,teperry01
781,Ryan Tepera,35,STL,2.0,2,2,0,0,0,0,0,0,,2,2,1,0,0%,7,1.042,1,1,0,2,0,0,1,1,1,1,1,0,3.0,19,teperry01
782,Juan Then,23,SEA,11.0,9,9,4,0,0,0,0,0,,0,0,8,0,0%,7,.240,0,1,8,2,0,7,5,4,5,1,5,2,3.7,19,thenju01
783,Caleb Thielbar*,36,MIN,30.2,36,36,4,3,1,1,0,1,0%,16,14,14,6,43%,8,1.438,17,11,8,23,9,4,10,26,3,11,5,8,2.6,13,thielca01
784,Lane Thomas,27,WSN,1.0,1,1,1,0,0,0,0,0,,0,0,0,0,,9,.000,0,0,1,0,0,1,0,1,0,0,0,0,3.0,21,thomala02
785,Keegan Thompson,28,CHC,28.2,19,19,5,2,2,1,1,0,100%,5,3,3,0,0%,7,.941,6,4,9,11,3,5,3,16,10,3,10,0,4.5,25,thompke02
786,Mason Thompson,25,WSN,54.0,51,51,5,4,4,4,1,3,25%,14,10,22,6,27%,7,1.084,20,12,19,21,7,23,13,38,14,21,16,3,3.2,18,thompma02
787,Ryan Thompson,31,TOT,30.2,31,31,5,1,2,4,1,3,25%,12,8,15,2,13%,,1.126,11,9,11,23,4,4,9,22,4,5,5,8,3.0,14,thompry02
788,Ryan Thompson,31,TBR,17.2,18,18,3,1,2,2,0,2,0%,6,4,7,0,0%,8,1.201,6,3,9,15,2,1,5,13,2,3,2,5,2.9,16,thompry02
789,Ryan Thompson,31,ARI,13.0,13,13,2,0,0,2,1,1,50%,6,4,8,2,25%,7,1.000,5,6,2,8,2,3,4,9,2,2,3,3,3.0,12,thompry02
790,Zack Thompson*,25,STL,66.1,25,16,1,2,3,1,0,1,0%,2,1,12,2,17%,6,.977,5,5,6,5,3,8,6,10,7,5,11,1,3.9,24,thompza02
791,Trent Thornton,29,TOT,31.1,27,26,6,1,2,1,0,1,0%,5,4,7,4,57%,,.646,7,2,17,13,3,10,6,20,7,4,7,3,3.4,16,thorntr01
792,Trent Thornton,29,TOR,5.1,4,4,0,0,0,0,0,0,,0,0,0,0,,8,.218,0,0,4,2,0,2,0,4,2,0,2,0,4.0,20,thorntr01
793,Trent Thornton,29,SEA,26.0,23,22,6,1,2,1,0,1,0%,5,4,7,4,57%,7,.737,7,2,13,11,3,8,6,16,5,4,5,3,3.3,16,thorntr01
794,Michael Tonkin,33,ATL,80.0,45,45,11,7,3,4,1,3,25%,6,2,35,11,31%,8,.871,12,8,25,20,4,21,21,24,30,2,30,1,5.3,29,tonkimi01
795,Justin Topa,32,SEA,69.0,75,75,14,5,4,5,3,2,60%,29,23,13,0,0%,8,1.573,30,21,24,41,18,16,18,57,5,14,9,21,2.8,14,topaju01
796,Touki Toussaint,27,TOT,87.0,20,4,2,0,0,0,0,0,,0,0,4,0,0%,,.912,0,2,2,0,0,4,2,2,3,0,3,0,9.5,49,toussto01
797,Touki Toussaint,27,CHW,83.1,19,4,2,0,0,0,0,0,,0,0,4,0,0%,9,.912,0,2,2,0,0,4,2,2,3,0,3,0,9.5,49,toussto01
798,Alan Trejo,27,COL,2.0,2,2,2,0,0,0,0,0,,0,0,0,0,,9,.000,0,0,2,0,0,2,0,2,0,0,0,0,3.0,13,trejoal01
799,Edwin Uceta,25,NYM,3.0,1,1,1,0,0,0,0,0,,0,0,0,0,,6,.062,0,0,1,0,0,1,0,1,1,0,1,0,9.0,51,ucetaed01
800,Erich Uelmen,27,PHI,1.0,1,1,0,0,0,0,0,0,,0,0,0,0,,5,.576,0,0,1,0,0,1,0,1,0,0,0,0,3.0,33,uelmeer01
801,Duane Underwood Jr.,28,PIT,24.1,20,20,9,1,0,2,2,0,100%,6,3,8,5,63%,7,.695,6,3,11,9,2,9,5,15,7,3,7,2,3.7,17,underdu01
802,Abner Uribe,23,MIL,30.2,32,32,7,1,0,2,1,1,50%,10,8,9,5,56%,7,1.145,10,6,16,14,3,15,8,24,4,7,4,4,2.9,16,uribeab01
803,José Urquidy,28,HOU,63.0,16,6,4,0,0,1,1,0,100%,1,0,0,0,,8,.911,0,0,6,1,0,5,0,6,6,0,6,0,8.2,46,urquijo01
804,Chris Vallimont,26,BAL,0.2,1,1,1,0,0,0,0,0,,0,0,0,0,,8,.030,0,0,1,0,0,1,0,1,0,1,0,0,2.0,11,vallich01
805,Carlos Vargas,23,ARI,4.2,5,5,3,0,0,0,0,0,,0,0,1,0,0%,9,.099,0,0,5,1,0,4,1,4,0,1,1,0,2.8,16,vargaca01
806,Ildemaro Vargas,31,WSN,2.0,2,2,2,0,0,0,0,0,,0,0,0,0,,9,.000,0,0,2,0,0,2,0,2,0,0,0,0,3.0,14,vargail01
807,Gus Varland,26,TOT,20.1,16,16,5,1,1,0,0,0,,2,1,3,0,0%,,.348,2,1,13,5,1,10,3,13,8,4,9,1,3.8,25,varlagu01
808,Gus Varland,26,MIL,8.2,8,8,1,0,0,0,0,0,,1,1,1,0,0%,7,.151,0,1,7,2,0,6,1,7,3,3,3,1,3.3,25,varlagu01
809,Gus Varland,26,LAD,11.2,8,8,4,1,1,0,0,0,,1,0,2,0,0%,8,.541,2,0,6,3,1,4,2,6,5,1,6,0,4.4,26,varlagu01
810,Louis Varland,25,MIN,68.0,17,7,1,1,0,0,0,0,,2,2,2,0,0%,8,.836,3,2,2,4,0,3,1,6,4,0,4,0,5.1,25,varlalo01
811,Andrew Vasquez*,29,TOT,48.1,42,42,13,2,1,0,0,0,,2,2,17,7,41%,,.577,4,5,33,11,3,28,14,28,15,11,18,7,3.5,20,vasquan02
812,Andrew Vasquez*,29,PHI,39.2,30,30,12,2,1,0,0,0,,0,0,10,4,40%,7,.496,2,3,25,7,3,20,8,22,13,3,14,4,4.0,22,vasquan02
813,Andrew Vasquez*,29,DET,8.2,12,12,1,0,0,0,0,0,,2,2,7,3,43%,8,.857,2,2,8,4,0,8,6,6,2,8,4,3,2.2,17,vasquan02
814,Randy Vásquez,24,NYY,37.2,11,6,1,1,0,0,0,0,,0,0,3,2,67%,7,.688,0,3,3,2,0,4,3,3,6,0,6,0,7.7,51,vasqura02
815,Anthony Veneziano*,25,KCR,2.1,2,2,1,0,0,1,0,1,0%,1,0,1,0,0%,7,1.025,0,1,1,1,0,1,1,1,1,0,1,0,3.5,28,venezan01
816,Drew VerHagen,32,STL,61.0,60,60,15,5,1,1,0,1,0%,15,14,31,10,32%,7,.839,16,13,31,25,6,29,20,40,13,20,21,7,3.1,17,verhadr01
817,Alex Vesia*,27,LAD,49.2,56,55,10,2,5,2,1,1,50%,12,10,23,5,22%,7,1.060,12,19,24,25,11,19,15,40,7,18,12,8,2.7,15,vesiaal01
818,Nick Vespi*,27,BAL,14.2,9,9,2,1,0,0,0,0,,0,0,1,0,0%,7,.148,0,3,6,3,1,5,1,8,6,2,6,0,4.9,22,vespini01
819,Will Vest,28,DET,48.1,48,44,7,2,1,5,2,3,40%,16,11,25,10,40%,7,1.087,14,14,16,19,5,20,18,26,12,13,17,7,3.0,17,vestwi01
820,Thyago Vieira,30,MIL,3.0,2,2,2,0,1,0,0,0,,0,0,0,0,,10,3.165,1,0,1,1,1,0,1,1,1,0,1,0,4.5,18,vieirth01
821,David Villar,26,SFG,1.0,1,1,1,0,0,0,0,0,,0,0,0,0,,9,.000,0,0,1,0,0,1,0,1,0,0,0,0,3.0,8,villada01
822,Darius Vines,25,ATL,20.1,5,3,0,0,0,0,0,0,,1,1,0,0,,6,.882,0,1,2,1,0,2,0,3,3,0,3,0,8.3,45,vinesda01
823,Victor Vodnik,23,COL,8.2,6,6,3,1,0,0,0,0,,0,0,2,0,0%,8,.231,0,1,5,1,0,5,1,5,3,1,4,0,4.3,31,vodnivi01
824,Jason Vosler,29,CIN,2.0,2,2,2,0,0,0,0,0,,0,0,0,0,,9,.000,0,0,2,0,0,2,0,2,0,0,0,0,3.0,13,vosleja01
825,Austin Voth,31,BAL,34.2,25,25,4,1,2,1,0,1,0%,6,4,10,5,50%,6,1.032,6,10,9,12,5,8,6,19,13,6,14,1,4.2,27,vothau01
826,Cole Waites,25,SFG,2.1,3,3,2,0,0,0,0,0,,0,0,0,0,,9,.122,0,0,3,1,0,2,0,3,0,1,0,1,2.3,22,waiteco01
827,Ken Waldichuk*,25,OAK,141.0,35,13,2,2,4,1,1,0,100%,1,0,2,1,50%,7,1.107,3,6,4,4,6,3,2,11,12,0,12,0,8.8,53,waldike01
828,Matt Waldron,26,SDP,41.1,8,2,0,0,0,0,0,0,,0,0,1,0,0%,4,.695,0,0,2,0,0,2,1,1,2,0,2,0,14.5,82,waldrma01
829,Josh Walker*,28,NYM,10.0,14,14,2,0,1,0,0,0,,2,1,8,2,25%,8,.779,3,5,6,3,2,9,4,10,2,8,3,2,2.1,17,walkejo03
830,Ryan Walker,27,SFG,61.1,49,36,6,5,2,2,1,1,50%,5,3,19,9,47%,7,.960,9,13,14,8,10,18,12,24,9,13,13,9,3.4,19,walkery01
831,Brandon Walter*,26,BOS,23.0,9,9,4,0,0,1,1,0,100%,1,0,3,1,33%,8,.209,0,2,7,2,0,7,2,7,6,0,7,0,7.7,41,waltebr01
832,Andrew Wantz,27,LAA,39.1,27,24,5,2,0,3,0,3,0%,7,4,17,12,71%,7,.914,7,7,10,10,1,13,10,14,13,4,14,3,4.2,23,wantzan01
833,Thaddeus Ward,26,WSN,35.1,26,26,11,0,0,0,0,0,,0,0,13,3,23%,8,.276,2,1,23,2,0,24,7,19,12,4,13,1,4.1,26,wardth01
834,Austin Warren,27,LAA,1.2,2,2,1,1,0,0,0,0,,0,0,4,2,50%,9,1.113,1,1,0,0,0,2,2,0,1,1,1,1,2.5,12,warreau01
835,Ryan Weathers*,23,TOT,57.2,15,3,0,0,1,1,0,1,0%,2,1,0,0,,,.950,1,1,1,2,0,1,0,3,1,0,1,0,5.7,42,weathry01
836,Ryan Weathers*,23,SDP,44.2,12,2,0,0,0,0,0,0,,1,1,0,0,,7,.958,1,0,1,1,0,1,0,2,0,0,0,0,3.0,16,weathry01
837,Ryan Weathers*,23,MIA,13.0,3,1,0,0,1,1,0,1,0%,1,0,0,0,,5,.926,0,1,0,1,0,0,0,1,1,0,1,0,11.0,95,weathry01
838,Luke Weaver,29,TOT,123.2,29,4,1,0,0,0,0,0,,0,0,3,0,0%,,.917,0,2,2,2,0,2,1,3,3,0,3,0,7.3,41,weavelu01
839,Luke Weaver,29,TOT,26.2,8,4,1,0,0,0,0,0,,0,0,3,0,0%,,.841,0,2,2,2,0,2,1,3,3,0,3,0,7.3,41,weavelu01
840,Luke Weaver,29,SEA,13.1,5,4,1,0,0,0,0,0,,0,0,3,0,0%,8,.694,0,2,2,2,0,2,1,3,3,0,3,0,7.3,41,weavelu01
841,Jacob Webb,29,TOT,53.2,54,54,8,1,1,2,1,1,50%,14,12,32,16,50%,,1.139,17,16,21,28,10,16,18,36,7,14,11,11,3.0,17,webbja01
842,Jacob Webb,29,LAA,31.2,29,29,4,1,1,2,1,1,50%,8,6,22,11,50%,6,1.311,11,8,10,14,5,10,11,18,6,5,7,5,3.3,19,webbja01
843,Jacob Webb,29,BAL,22.0,25,25,4,0,0,0,0,0,,6,6,10,5,50%,7,.878,6,8,11,14,5,6,7,18,1,9,4,6,2.6,15,webbja01
844,Ryan Weber,32,NYY,14.1,8,8,4,1,0,1,1,0,100%,2,1,2,1,50%,8,.711,2,1,5,3,1,4,3,5,5,0,5,0,5.4,23,weberry01
845,Jordan Weems,30,WSN,54.2,51,51,7,5,1,3,0,3,0%,10,7,18,6,33%,7,1.003,14,20,17,18,9,24,15,36,15,12,18,12,3.2,18,weemsjo01
846,Zack Weiss,31,TOT,14.0,12,12,1,1,0,0,0,0,,1,1,5,0,0%,,.924,2,4,6,2,1,9,4,8,5,4,5,3,3.5,19,weissza01
847,Zack Weiss,31,LAA,5.1,6,6,0,1,0,0,0,0,,1,1,3,0,0%,7,.664,0,3,3,2,0,4,2,4,2,3,2,2,2.7,16,weissza01
848,Zack Weiss,31,BOS,8.2,6,6,1,0,0,0,0,0,,0,0,2,0,0%,7,1.121,2,1,3,0,1,5,2,4,3,1,3,1,4.3,22,weissza01
849,Greg Weissert,28,NYY,20.0,17,17,6,0,0,0,0,0,,2,2,12,0,0%,8,.495,2,4,11,4,2,11,6,11,6,4,8,4,3.5,20,weissgr01
850,Tyler Wells,28,BAL,118.2,25,5,2,0,0,1,1,0,100%,2,1,2,1,50%,4,.864,1,2,2,3,1,1,1,4,2,0,2,1,6.0,22,wellsty01
851,Joey Wentz*,25,DET,105.2,25,6,0,2,2,0,0,0,,0,0,4,0,0%,2,.893,1,5,0,3,1,2,2,4,6,0,6,0,12.7,69,wentzjo01
852,Hayden Wesneski,25,CHC,89.1,34,23,6,1,2,1,0,1,0%,3,2,11,4,36%,6,.778,3,4,16,7,4,12,9,14,14,5,14,2,5.3,29,wesneha01
853,Brendan White,24,DET,40.2,33,31,9,2,2,0,0,0,,1,1,19,7,37%,7,.629,4,6,21,7,3,21,11,20,13,4,13,6,3.7,20,whitebr01
854,Mitch White,28,TOR,12.2,10,10,6,0,1,0,0,0,,0,0,9,7,78%,8,.198,1,1,8,2,1,7,6,4,6,4,6,1,3.8,25,whitemi03
855,Owen White,23,TEX,4.0,2,2,1,0,1,0,0,0,,0,0,0,0,,8,.751,0,1,1,2,0,0,0,2,2,0,2,0,6.0,34,whiteow01
856,Garrett Whitlock,27,BOS,71.2,22,12,3,1,2,2,1,1,50%,5,3,0,0,,7,.988,5,3,4,8,3,1,0,12,9,1,9,1,5.0,30,whitlga01
857,Devin Williams,28,MIL,58.2,61,61,49,8,3,40,36,4,90%,40,0,14,4,29%,9,2.565,45,9,7,43,16,2,9,52,4,6,4,12,2.9,16,willide03
858,Luke Williams,26,LAD,1.0,1,1,1,0,0,0,0,0,,0,0,0,0,,8,.000,0,0,1,0,0,1,0,1,0,0,0,0,3.0,6,willilu01
859,Amos Willingham,24,WSN,24.1,18,18,5,0,2,0,0,0,,0,0,6,2,33%,7,.430,1,1,16,3,1,14,5,13,8,3,10,0,4.1,25,william01
860,Bryse Wilson,25,MIL,76.2,53,53,18,6,0,4,3,1,75%,9,5,18,7,39%,6,.748,6,13,34,18,5,30,15,38,23,10,24,8,4.3,22,wilsobr02
861,Steven Wilson,28,SDP,53.0,52,52,4,1,2,2,0,2,0%,24,22,21,8,38%,7,1.200,19,17,16,29,6,17,10,42,9,8,10,9,3.1,18,wilsost02
862,Josh Winckowski,25,BOS,84.1,60,59,8,4,4,7,3,4,43%,25,18,25,11,44%,7,1.317,23,21,15,32,11,16,16,43,28,8,28,8,4.2,23,winckjo01
863,Josh Winder,26,MIN,34.2,19,19,10,2,1,1,1,0,100%,2,1,3,1,33%,8,.373,2,1,16,4,1,14,2,17,13,2,13,1,5.5,29,windejo01
864,Trey Wingenter,29,DET,17.0,17,17,6,1,0,0,0,0,,1,0,2,1,50%,9,.490,2,0,15,6,1,10,3,14,2,3,2,2,3.0,18,wingetr01
865,Keaton Winn,25,SFG,42.1,9,4,2,0,0,1,1,0,100%,1,0,0,0,,6,.711,0,1,3,2,0,2,0,4,4,0,4,0,12.8,57,winnke01
866,Brett Wisely,24,SFG,1.0,1,1,1,0,0,0,0,0,,0,0,0,0,,9,.000,0,0,1,1,0,0,0,1,0,0,0,0,3.0,11,wiselbr01
867,Nick Wittgren,32,KCR,29.0,27,27,14,1,0,1,0,1,0%,3,2,13,5,38%,8,.567,4,3,20,4,1,22,8,19,8,7,9,4,3.2,17,wittgni01
868,Jake Wong,26,CIN,3.0,1,1,1,0,0,0,0,0,,0,0,0,0,,6,.119,0,0,1,0,0,1,0,1,1,0,1,0,9.0,57,wongja01
869,Alex Wood*,32,SFG,97.2,29,17,2,3,1,0,0,0,,1,1,6,3,50%,3,.809,1,8,8,3,4,10,3,14,13,1,14,0,8.9,51,woodal02
870,Jake Woodford,26,STL,47.2,15,7,1,1,0,0,0,0,,0,0,6,4,67%,7,.767,0,3,4,1,0,6,3,4,6,0,6,1,6.0,36,woodfja01
871,Simeon Woods Richardson,22,MIN,4.2,1,1,0,0,0,0,0,0,,0,0,0,0,,5,.294,0,0,1,0,0,1,0,1,1,0,1,0,14.0,97,woodssi01
872,Kyle Wright,27,ATL,31.0,9,2,1,1,0,0,0,0,,0,0,0,0,,6,1.052,0,1,1,1,0,1,0,2,2,0,2,0,8.0,35,wrighky01
873,Randy Wynne,30,CIN,2.1,1,1,0,0,1,0,0,0,,0,0,0,0,,4,1.187,0,1,0,0,0,1,0,1,1,0,1,0,7.0,34,wynnera01
874,Jimmy Yacabonis,31,NYM,13.2,7,7,2,2,1,0,0,0,,0,0,3,0,0%,5,.909,1,4,2,3,2,2,2,5,4,1,4,0,5.9,33,yacabji01
875,Ryan Yarbrough*,31,TOT,89.2,25,16,6,4,3,3,2,1,67%,4,1,5,1,20%,,.931,2,8,6,8,2,6,4,12,15,0,15,0,8.2,45,yarbrry01
876,Ryan Yarbrough*,31,KCR,51.0,14,7,2,0,2,1,0,1,0%,2,1,3,1,33%,6,.998,2,2,3,4,1,2,2,5,6,0,6,0,5.6,32,yarbrry01
877,Ryan Yarbrough*,31,LAD,38.2,11,9,4,4,1,2,2,0,100%,2,0,2,0,0%,6,.845,0,6,3,4,1,4,2,7,9,0,9,0,10.2,55,yarbrry01
878,Kirby Yates,36,ATL,60.1,61,61,16,7,2,8,5,3,63%,17,9,15,2,13%,8,.960,16,15,30,35,6,20,10,51,4,7,4,5,3.0,17,yateski01
879,Alex Young*,29,CIN,53.2,63,63,6,4,2,4,1,3,25%,18,14,46,16,35%,7,1.050,22,21,20,26,8,29,32,31,12,30,23,14,2.6,14,youngal01
880,Danny Young*,29,ATL,8.1,8,8,5,0,0,0,0,0,,0,0,5,3,60%,9,.402,0,3,5,3,0,5,3,5,2,2,2,2,3.1,17,youngda02
881,Rob Zastryzny*,31,PIT,20.2,21,20,2,1,0,1,0,1,0%,3,2,8,5,63%,7,.701,2,5,13,5,2,13,4,16,6,8,7,1,3.0,18,zastrro01
882,Seby Zavala,29,ARI,0.2,1,1,1,0,0,0,0,0,,0,0,0,0,,8,.000,0,0,1,0,0,1,0,1,0,1,0,0,2.0,6,zavalse01
883,Angel Zerpa*,23,KCR,42.2,15,12,3,3,1,1,0,1,0%,3,2,5,1,20%,6,.824,2,5,5,6,1,5,4,8,8,1,9,0,7.5,40,zerpaan01
884,Bruce Zimmermann*,28,BAL,13.1,7,7,4,2,0,0,0,0,,0,0,3,2,67%,6,.427,0,2,5,1,1,5,2,5,5,1,5,0,5.7,31,zimmebr02
885,Guillo Zuñiga,24,STL,2.0,2,2,2,0,0,0,0,0,,0,0,0,0,,9,.020,0,0,2,0,0,2,0,2,0,0,0,0,3.0,22,zuniggu01